Time Interval,Agent 6,Agent 0,Agent 7,Agent 1,Agent 2,Agent 4,Agent 5,Agent 9,Agent 3,Agent 8
0,0.0,0.0,0.0,0.0,0.0,0.0,0.0,0.0,0.0,0.0
1,0.0,0.0,0.0,0.0,0.0,0.0,0.0,0.0,0.0,0.0
2,0.0,0.0,0.0,0.0,0.0,0.0,0.0,0.0,0.0,9.2375786163522
3,16.0306464928476,15.991190486861171,28.45918278862542,28.467113012723484,28.472420858287926,28.47774562128843,28.48308738273427,28.48576466333112,28.488446224152753,9.2375786163522
4,16.0306464928476,15.991190486861171,28.45918278862542,28.467113012723484,28.472420858287926,28.47774562128843,28.48308738273427,28.48576466333112,28.488446224152753,9.2375786163522
5,16.0306464928476,15.991190486861171,28.45918278862542,28.467113012723484,28.472420858287926,28.47774562128843,28.48308738273427,28.48576466333112,28.488446224152753,45.06493710691824
6,17.578518034853875,17.011286395076112,28.45918278862542,28.467113012723484,28.472420858287926,28.47774562128843,28.48308738273427,28.48576466333112,28.488446224152753,45.06493710691824
7,17.578518034853875,17.011286395076112,28.45918278862542,28.467113012723484,28.472420858287926,28.47774562128843,28.48308738273427,28.48576466333112,28.488446224152753,45.06493710691824
8,17.578518034853875,17.011286395076112,28.45918278862542,28.467113012723484,28.472420858287926,28.47774562128843,28.48308738273427,28.48576466333112,28.488446224152753,35.82735849056604
9,17.578518034853875,17.011286395076112,28.45918278862542,28.467113012723484,28.472420858287926,28.47774562128843,28.48308738273427,28.48576466333112,28.488446224152753,35.82735849056604
10,17.578518034853875,17.011286395076112,28.45918278862542,28.467113012723484,28.472420858287926,28.47774562128843,28.48308738273427,28.48576466333112,28.488446224152753,35.82735849056604
11,17.578518034853875,45.78002210968195,28.45918278862542,28.467113012723484,28.472420858287926,28.47774562128843,28.48308738273427,28.48576466333112,28.488446224152753,35.82735849056604
12,17.578518034853875,45.78002210968195,28.45918278862542,28.467113012723484,28.472420858287926,28.47774562128843,28.48308738273427,28.48576466333112,28.488446224152753,35.82735849056604
13,17.578518034853875,45.78002210968195,0.0,17.63789033424751,11.845808003482386,36.48657696258989,32.011683280880604,0.0,0.0,35.82735849056604
14,17.578518034853875,45.78002210968195,31.948677600693717,17.63789033424751,32.72632991098903,36.48657696258989,32.011683280880604,21.329382924427833,26.21331048368852,35.82735849056604
15,17.578518034853875,45.78002210968195,31.948677600693717,17.63789033424751,32.72632991098903,36.48657696258989,32.011683280880604,21.329382924427833,26.21331048368852,35.82735849056604
16,17.578518034853875,45.78002210968195,31.948677600693717,17.63789033424751,32.72632991098903,36.48657696258989,32.011683280880604,21.329382924427833,26.21331048368852,35.82735849056604
17,17.578518034853875,45.78002210968195,31.948677600693717,17.63789033424751,32.72632991098903,36.48657696258989,32.011683280880604,21.329382924427833,26.21331048368852,35.82735849056604
18,17.578518034853875,45.78002210968195,31.948677600693717,17.63789033424751,32.72632991098903,36.48657696258989,32.011683280880604,21.329382924427833,26.21331048368852,35.82735849056604
19,17.578518034853875,45.78002210968195,31.948677600693717,17.63789033424751,32.72632991098903,36.48657696258989,32.011683280880604,21.329382924427833,26.21331048368852,35.82735849056604
20,41.62805159033938,45.78002210968195,31.948677600693717,17.63789033424751,32.72632991098903,36.48657696258989,32.011683280880604,21.329382924427833,26.21331048368852,35.82735849056604
21,41.62805159033938,45.78002210968195,31.948677600693717,17.63789033424751,32.72632991098903,36.48657696258989,32.011683280880604,21.329382924427833,26.21331048368852,35.82735849056604
22,41.62805159033938,45.78002210968195,31.948677600693717,17.63789033424751,32.72632991098903,36.48657696258989,32.011683280880604,21.329382924427833,26.21331048368852,35.82735849056604
23,41.62805159033938,45.78002210968195,31.948677600693717,17.63789033424751,32.72632991098903,36.48657696258989,32.011683280880604,21.329382924427833,26.21331048368852,35.82735849056604
24,41.62805159033938,45.78002210968195,31.948677600693717,17.63789033424751,32.72632991098903,36.48657696258989,32.011683280880604,21.329382924427833,26.21331048368852,35.82735849056604
25,41.62805159033938,45.78002210968195,31.948677600693717,17.63789033424751,32.72632991098903,36.48657696258989,32.011683280880604,21.329382924427833,26.21331048368852,35.82735849056604
26,41.62805159033938,45.78002210968195,31.948677600693717,17.63789033424751,32.72632991098903,36.48657696258989,32.011683280880604,21.329382924427833,26.21331048368852,35.82735849056604
27,41.62805159033938,45.78002210968195,31.948677600693717,17.63789033424751,32.72632991098903,36.48657696258989,32.011683280880604,21.329382924427833,26.21331048368852,23.144474393530995
28,41.62805159033938,45.78002210968195,31.948677600693717,17.63789033424751,32.72632991098903,36.48657696258989,32.011683280880604,21.329382924427833,26.21331048368852,23.144474393530995
29,41.62805159033938,28.768735714605835,31.948677600693717,17.63789033424751,32.72632991098903,36.48657696258989,32.011683280880604,21.329382924427833,26.21331048368852,23.144474393530995
30,41.62805159033938,28.768735714605835,31.948677600693717,17.63789033424751,32.72632991098903,36.48657696258989,32.011683280880604,21.329382924427833,26.21331048368852,23.144474393530995
31,24.049533555485507,28.768735714605835,31.948677600693717,31.137298869523082,32.72632991098903,36.48657696258989,32.011683280880604,21.329382924427833,26.21331048368852,23.144474393530995
32,24.049533555485507,28.768735714605835,31.948677600693717,31.137298869523082,32.72632991098903,36.48657696258989,32.011683280880604,21.329382924427833,26.21331048368852,23.144474393530995
33,24.049533555485507,28.768735714605835,31.948677600693717,31.137298869523082,32.72632991098903,36.48657696258989,32.011683280880604,21.329382924427833,26.21331048368852,23.144474393530995
34,24.049533555485507,28.768735714605835,31.948677600693717,31.137298869523082,32.72632991098903,36.48657696258989,32.011683280880604,21.329382924427833,26.21331048368852,23.144474393530995
35,24.049533555485507,28.768735714605835,31.948677600693717,31.137298869523082,32.72632991098903,36.48657696258989,32.011683280880604,21.329382924427833,26.21331048368852,23.144474393530995
36,24.049533555485507,20.84492336306189,31.948677600693717,31.137298869523082,32.72632991098903,36.48657696258989,32.011683280880604,21.329382924427833,26.21331048368852,23.144474393530995
37,24.049533555485507,20.84492336306189,31.948677600693717,31.137298869523082,32.72632991098903,36.48657696258989,32.011683280880604,21.329382924427833,26.21331048368852,23.144474393530995
38,24.049533555485507,20.84492336306189,31.948677600693717,31.137298869523082,32.72632991098903,36.48657696258989,0.0,21.329382924427833,26.21331048368852,23.144474393530995
39,24.049533555485507,20.84492336306189,31.379158319130063,31.137298869523082,32.72632991098903,36.48657696258989,19.60983965526761,21.329382924427833,26.21331048368852,23.144474393530995
40,24.049533555485507,20.84492336306189,31.379158319130063,39.32291338838351,32.72632991098903,36.48657696258989,19.60983965526761,21.329382924427833,26.21331048368852,23.144474393530995
41,24.049533555485507,20.84492336306189,31.379158319130063,39.32291338838351,32.72632991098903,40.036057029742665,19.60983965526761,21.329382924427833,26.21331048368852,23.144474393530995
42,24.049533555485507,20.84492336306189,31.379158319130063,39.32291338838351,32.72632991098903,40.036057029742665,19.60983965526761,21.329382924427833,26.21331048368852,23.144474393530995
43,24.049533555485507,20.84492336306189,31.379158319130063,39.32291338838351,32.72632991098903,40.036057029742665,19.60983965526761,21.329382924427833,26.21331048368852,23.144474393530995
44,24.049533555485507,20.84492336306189,31.379158319130063,39.32291338838351,20.880521907506644,40.036057029742665,19.60983965526761,21.329382924427833,26.21331048368852,23.144474393530995
45,24.049533555485507,20.84492336306189,31.379158319130063,39.32291338838351,20.880521907506644,40.036057029742665,19.60983965526761,21.329382924427833,26.21331048368852,23.144474393530995
46,24.049533555485507,20.84492336306189,31.379158319130063,39.32291338838351,20.880521907506644,40.036057029742665,19.60983965526761,21.329382924427833,26.21331048368852,23.144474393530995
47,24.049533555485507,20.84492336306189,31.379158319130063,39.32291338838351,20.880521907506644,40.036057029742665,19.60983965526761,21.329382924427833,26.21331048368852,23.144474393530995
48,24.049533555485507,20.84492336306189,31.379158319130063,39.32291338838351,20.880521907506644,40.036057029742665,19.60983965526761,21.329382924427833,33.72687095606534,23.144474393530995
49,24.049533555485507,20.84492336306189,31.379158319130063,39.32291338838351,20.880521907506644,40.036057029742665,19.60983965526761,21.329382924427833,33.72687095606534,23.144474393530995
50,24.049533555485507,20.84492336306189,31.379158319130063,39.32291338838351,20.880521907506644,40.036057029742665,19.60983965526761,21.329382924427833,33.72687095606534,23.144474393530995
51,24.049533555485507,20.84492336306189,31.379158319130063,39.32291338838351,20.880521907506644,40.036057029742665,19.60983965526761,21.329382924427833,33.72687095606534,23.144474393530995
52,24.049533555485507,20.84492336306189,31.379158319130063,39.32291338838351,20.880521907506644,40.036057029742665,19.60983965526761,21.329382924427833,33.72687095606534,23.144474393530995
53,24.049533555485507,20.84492336306189,31.379158319130063,39.32291338838351,20.880521907506644,40.036057029742665,19.60983965526761,32.021463520003216,33.72687095606534,23.144474393530995
54,24.049533555485507,20.84492336306189,31.379158319130063,39.32291338838351,19.58708477807298,40.036057029742665,19.60983965526761,32.021463520003216,33.72687095606534,23.144474393530995
55,24.049533555485507,20.84492336306189,31.379158319130063,39.32291338838351,19.58708477807298,40.036057029742665,19.60983965526761,21.83984517853196,33.72687095606534,23.144474393530995
56,24.049533555485507,20.84492336306189,31.379158319130063,39.32291338838351,19.58708477807298,40.036057029742665,19.60983965526761,21.83984517853196,33.72687095606534,23.144474393530995
57,24.049533555485507,20.84492336306189,31.379158319130063,39.32291338838351,19.58708477807298,40.036057029742665,19.60983965526761,21.83984517853196,33.72687095606534,23.144474393530995
58,24.049533555485507,31.09112961054094,31.379158319130063,39.32291338838351,19.58708477807298,40.036057029742665,19.60983965526761,21.83984517853196,33.72687095606534,23.144474393530995
59,24.049533555485507,31.09112961054094,31.379158319130063,39.32291338838351,30.64351630867144,40.036057029742665,36.59338907377012,33.47962706210943,33.72687095606534,23.144474393530995
60,24.049533555485507,31.09112961054094,31.379158319130063,39.32291338838351,30.64351630867144,40.036057029742665,36.59338907377012,33.47962706210943,33.72687095606534,23.144474393530995
61,24.049533555485507,31.09112961054094,31.379158319130063,39.32291338838351,30.64351630867144,40.036057029742665,36.59338907377012,33.47962706210943,33.72687095606534,23.144474393530995
62,38.37970835021989,31.09112961054094,31.379158319130063,39.32291338838351,30.64351630867144,40.036057029742665,36.59338907377012,33.47962706210943,33.72687095606534,23.144474393530995
63,38.37970835021989,31.09112961054094,31.379158319130063,39.32291338838351,30.64351630867144,40.036057029742665,36.59338907377012,33.47962706210943,33.72687095606534,23.144474393530995
64,38.37970835021989,31.09112961054094,31.379158319130063,39.32291338838351,30.64351630867144,40.036057029742665,36.59338907377012,33.47962706210943,33.72687095606534,23.144474393530995
65,38.37970835021989,31.09112961054094,31.379158319130063,39.32291338838351,30.64351630867144,40.036057029742665,36.59338907377012,33.47962706210943,33.72687095606534,23.144474393530995
66,38.37970835021989,31.09112961054094,31.379158319130063,39.32291338838351,30.64351630867144,40.036057029742665,36.59338907377012,33.47962706210943,33.72687095606534,23.144474393530995
67,38.37970835021989,31.09112961054094,31.379158319130063,39.32291338838351,30.64351630867144,40.036057029742665,36.59338907377012,33.47962706210943,33.72687095606534,23.144474393530995
68,38.37970835021989,31.09112961054094,31.379158319130063,39.32291338838351,30.64351630867144,40.036057029742665,36.59338907377012,33.47962706210943,33.72687095606534,23.144474393530995
69,38.37970835021989,31.09112961054094,31.379158319130063,39.32291338838351,30.64351630867144,40.036057029742665,36.59338907377012,33.47962706210943,33.72687095606534,23.144474393530995
70,38.37970835021989,31.09112961054094,31.379158319130063,39.32291338838351,30.64351630867144,40.036057029742665,36.59338907377012,33.47962706210943,33.72687095606534,23.144474393530995
71,38.37970835021989,31.09112961054094,31.379158319130063,39.32291338838351,30.64351630867144,40.036057029742665,36.59338907377012,33.47962706210943,33.72687095606534,36.692587601078166
72,38.37970835021989,31.09112961054094,31.379158319130063,39.32291338838351,30.64351630867144,40.036057029742665,36.59338907377012,33.47962706210943,33.72687095606534,36.692587601078166
73,38.37970835021989,31.09112961054094,31.379158319130063,39.32291338838351,30.64351630867144,40.036057029742665,36.59338907377012,33.47962706210943,33.72687095606534,36.692587601078166
74,38.37970835021989,31.09112961054094,31.379158319130063,39.32291338838351,30.64351630867144,40.036057029742665,36.59338907377012,33.47962706210943,33.72687095606534,44.81632973944295
75,38.37970835021989,31.09112961054094,31.379158319130063,39.32291338838351,30.64351630867144,40.036057029742665,36.59338907377012,33.47962706210943,33.72687095606534,44.81632973944295
76,38.37970835021989,31.09112961054094,31.379158319130063,25.823504853107938,30.64351630867144,40.036057029742665,36.59338907377012,33.47962706210943,33.72687095606534,44.81632973944295
77,38.37970835021989,31.09112961054094,31.379158319130063,56.83314200648413,30.64351630867144,40.036057029742665,36.59338907377012,33.47962706210943,33.72687095606534,44.81632973944295
78,38.37970835021989,31.09112961054094,31.379158319130063,56.83314200648413,67.82880885906846,40.036057029742665,36.59338907377012,33.47962706210943,33.72687095606534,44.81632973944295
79,38.37970835021989,31.09112961054094,31.379158319130063,56.83314200648413,67.82880885906846,40.036057029742665,36.59338907377012,33.47962706210943,33.72687095606534,44.81632973944295
80,38.37970835021989,41.55438048073619,31.379158319130063,56.83314200648413,67.82880885906846,40.036057029742665,36.59338907377012,33.47962706210943,33.72687095606534,44.81632973944295
81,38.37970835021989,41.55438048073619,62.073898623528585,56.83314200648413,67.82880885906846,40.036057029742665,36.59338907377012,33.47962706210943,33.72687095606534,44.81632973944295
82,38.37970835021989,41.55438048073619,62.073898623528585,56.83314200648413,67.82880885906846,40.036057029742665,36.59338907377012,33.47962706210943,33.72687095606534,44.81632973944295
83,38.37970835021989,41.55438048073619,62.073898623528585,56.83314200648413,67.82880885906846,40.036057029742665,36.59338907377012,33.47962706210943,33.72687095606534,44.81632973944295
84,38.37970835021989,41.55438048073619,62.073898623528585,56.83314200648413,67.82880885906846,40.036057029742665,36.59338907377012,33.47962706210943,33.72687095606534,44.81632973944295
85,38.37970835021989,41.55438048073619,46.31394885825633,56.83314200648413,67.82880885906846,37.01717407101155,33.52390903341414,33.47962706210943,33.72687095606534,44.81632973944295
86,38.37970835021989,41.55438048073619,46.31394885825633,56.83314200648413,67.82880885906846,37.01717407101155,33.52390903341414,33.47962706210943,33.72687095606534,44.81632973944295
87,38.37970835021989,41.55438048073619,46.31394885825633,31.009637153376193,67.82880885906846,37.01717407101155,33.52390903341414,33.47962706210943,33.72687095606534,44.81632973944295
88,38.37970835021989,41.55438048073619,46.31394885825633,31.009637153376193,67.82880885906846,46.3414925204841,33.52390903341414,33.47962706210943,33.72687095606534,44.81632973944295
89,38.37970835021989,41.55438048073619,46.31394885825633,31.009637153376193,67.82880885906846,46.3414925204841,33.52390903341414,33.47962706210943,33.72687095606534,44.81632973944295
90,38.37970835021989,41.55438048073619,46.31394885825633,31.009637153376193,67.82880885906846,46.3414925204841,33.52390903341414,33.47962706210943,33.72687095606534,44.81632973944295
91,38.37970835021989,41.55438048073619,46.31394885825633,31.009637153376193,67.82880885906846,46.3414925204841,33.52390903341414,33.47962706210943,33.72687095606534,44.81632973944295
92,4.674471638072079,41.55438048073619,46.31394885825633,31.009637153376193,67.82880885906846,46.3414925204841,33.52390903341414,33.47962706210943,33.72687095606534,44.81632973944295
93,37.27960965761546,41.55438048073619,46.31394885825633,31.009637153376193,67.82880885906846,46.3414925204841,33.52390903341414,33.47962706210943,42.562589928057555,44.81632973944295
94,37.27960965761546,41.55438048073619,46.31394885825633,31.009637153376193,67.82880885906846,46.3414925204841,33.52390903341414,33.47962706210943,42.562589928057555,44.81632973944295
95,37.27960965761546,41.55438048073619,46.31394885825633,31.009637153376193,67.82880885906846,46.3414925204841,33.52390903341414,33.47962706210943,42.562589928057555,44.81632973944295
96,37.27960965761546,41.55438048073619,46.31394885825633,31.009637153376193,67.82880885906846,46.3414925204841,33.52390903341414,33.47962706210943,42.562589928057555,44.81632973944295
97,37.27960965761546,41.55438048073619,46.31394885825633,31.009637153376193,67.82880885906846,46.3414925204841,33.52390903341414,33.47962706210943,42.562589928057555,44.81632973944295
98,37.27960965761546,41.55438048073619,46.31394885825633,31.009637153376193,67.82880885906846,46.3414925204841,33.52390903341414,38.261122832398975,42.562589928057555,44.81632973944295
99,37.27960965761546,31.308174233257144,46.31394885825633,31.009637153376193,67.82880885906846,46.3414925204841,33.52390903341414,38.261122832398975,42.562589928057555,44.81632973944295
100,37.27960965761546,31.308174233257144,46.31394885825633,31.009637153376193,48.24172408099548,46.3414925204841,33.52390903341414,38.261122832398975,42.562589928057555,44.81632973944295
101,37.27960965761546,31.308174233257144,46.31394885825633,31.009637153376193,48.24172408099548,46.3414925204841,33.52390903341414,38.261122832398975,42.562589928057555,44.81632973944295
102,37.27960965761546,31.308174233257144,46.31394885825633,31.009637153376193,48.24172408099548,46.3414925204841,33.52390903341414,38.261122832398975,42.562589928057555,44.81632973944295
103,37.27960965761546,31.308174233257144,46.31394885825633,31.009637153376193,48.24172408099548,46.3414925204841,33.52390903341414,38.261122832398975,42.562589928057555,44.81632973944295
104,37.27960965761546,31.308174233257144,46.31394885825633,31.009637153376193,48.24172408099548,46.3414925204841,33.52390903341414,38.261122832398975,42.562589928057555,44.81632973944295
105,37.27960965761546,31.308174233257144,46.31394885825633,31.009637153376193,48.24172408099548,46.3414925204841,33.52390903341414,35.72588763638556,42.562589928057555,44.81632973944295
106,37.27960965761546,31.308174233257144,46.31394885825633,31.009637153376193,48.24172408099548,46.3414925204841,33.52390903341414,35.72588763638556,42.562589928057555,44.81632973944295
107,37.27960965761546,31.308174233257144,46.31394885825633,31.009637153376193,37.18529255039702,46.3414925204841,55.16143130700156,35.72588763638556,42.562589928057555,44.81632973944295
108,37.27960965761546,31.308174233257144,46.31394885825633,31.009637153376193,37.18529255039702,46.3414925204841,55.16143130700156,35.72588763638556,42.562589928057555,44.81632973944295
109,37.27960965761546,31.308174233257144,46.31394885825633,31.009637153376193,37.18529255039702,46.3414925204841,55.16143130700156,35.72588763638556,42.562589928057555,44.81632973944295
110,37.27960965761546,38.04515603758646,46.31394885825633,31.009637153376193,37.18529255039702,46.3414925204841,55.16143130700156,35.72588763638556,42.562589928057555,44.81632973944295
111,37.27960965761546,38.04515603758646,46.31394885825633,60.78205449068593,37.18529255039702,46.3414925204841,55.16143130700156,35.72588763638556,42.562589928057555,44.81632973944295
112,37.27960965761546,38.04515603758646,46.31394885825633,60.78205449068593,37.18529255039702,46.3414925204841,55.16143130700156,35.72588763638556,42.562589928057555,44.81632973944295
113,37.27960965761546,38.04515603758646,46.31394885825633,60.78205449068593,37.18529255039702,46.3414925204841,55.16143130700156,35.72588763638556,42.562589928057555,44.81632973944295
114,39.34574796235421,38.04515603758646,46.31394885825633,60.78205449068593,37.18529255039702,46.3414925204841,55.16143130700156,35.72588763638556,42.562589928057555,44.81632973944295
115,39.34574796235421,38.04515603758646,46.31394885825633,60.78205449068593,37.18529255039702,46.3414925204841,55.16143130700156,35.72588763638556,42.562589928057555,44.81632973944295
116,39.34574796235421,38.04515603758646,46.31394885825633,60.78205449068593,37.18529255039702,46.3414925204841,55.16143130700156,35.72588763638556,42.562589928057555,44.81632973944295
117,39.34574796235421,38.04515603758646,46.31394885825633,60.78205449068593,37.18529255039702,46.3414925204841,55.16143130700156,35.72588763638556,42.562589928057555,44.81632973944295
118,39.34574796235421,38.04515603758646,46.31394885825633,60.78205449068593,37.18529255039702,46.3414925204841,55.16143130700156,35.72588763638556,42.562589928057555,44.81632973944295
119,39.34574796235421,38.04515603758646,46.31394885825633,60.78205449068593,37.18529255039702,46.3414925204841,55.16143130700156,35.72588763638556,42.562589928057555,44.81632973944295
120,39.34574796235421,38.04515603758646,46.31394885825633,60.78205449068593,37.18529255039702,46.3414925204841,55.16143130700156,35.72588763638556,42.562589928057555,44.81632973944295
121,39.34574796235421,38.04515603758646,46.31394885825633,60.78205449068593,37.18529255039702,46.3414925204841,55.16143130700156,35.72588763638556,42.562589928057555,44.81632973944295
122,39.34574796235421,38.04515603758646,46.31394885825633,60.78205449068593,37.18529255039702,46.3414925204841,55.16143130700156,35.72588763638556,42.562589928057555,44.81632973944295
123,39.34574796235421,38.04515603758646,46.31394885825633,60.78205449068593,37.18529255039702,46.3414925204841,55.16143130700156,35.72588763638556,42.562589928057555,44.81632973944295
124,39.34574796235421,38.04515603758646,46.31394885825633,60.78205449068593,37.18529255039702,46.3414925204841,55.16143130700156,35.72588763638556,42.562589928057555,44.81632973944295
125,39.34574796235421,38.04515603758646,46.31394885825633,60.78205449068593,37.18529255039702,46.3414925204841,55.16143130700156,35.72588763638556,42.562589928057555,44.81632973944295
126,39.34574796235421,38.04515603758646,46.31394885825633,60.78205449068593,37.18529255039702,46.3414925204841,55.16143130700156,46.43546978921776,42.562589928057555,44.81632973944295
127,39.34574796235421,38.04515603758646,46.31394885825633,60.78205449068593,37.18529255039702,46.3414925204841,55.16143130700156,46.43546978921776,42.562589928057555,44.81632973944295
128,39.34574796235421,38.04515603758646,46.31394885825633,60.78205449068593,37.18529255039702,46.3414925204841,55.16143130700156,46.43546978921776,42.562589928057555,41.97551662174304
129,39.34574796235421,38.04515603758646,46.31394885825633,60.78205449068593,37.18529255039702,46.3414925204841,55.16143130700156,46.43546978921776,42.562589928057555,41.97551662174304
130,39.34574796235421,38.04515603758646,36.03658563326655,60.78205449068593,37.18529255039702,39.06248966398556,55.16143130700156,46.43546978921776,42.562589928057555,41.97551662174304
131,39.34574796235421,38.04515603758646,36.03658563326655,60.78205449068593,37.18529255039702,39.06248966398556,55.16143130700156,46.43546978921776,42.562589928057555,41.97551662174304
132,39.34574796235421,39.317990259788765,36.03658563326655,60.78205449068593,37.18529255039702,39.06248966398556,55.16143130700156,46.43546978921776,42.562589928057555,37.58969002695418
133,39.34574796235421,39.317990259788765,36.03658563326655,61.434418476278964,37.18529255039702,39.06248966398556,55.16143130700156,46.43546978921776,42.562589928057555,37.58969002695418
134,39.34574796235421,39.317990259788765,36.03658563326655,61.434418476278964,37.18529255039702,39.06248966398556,55.16143130700156,46.43546978921776,42.562589928057555,37.58969002695418
135,39.34574796235421,39.317990259788765,36.03658563326655,61.434418476278964,37.18529255039702,39.06248966398556,55.16143130700156,46.43546978921776,42.562589928057555,37.58969002695418
136,39.34574796235421,39.317990259788765,36.03658563326655,61.434418476278964,46.89077280437099,39.06248966398556,55.16143130700156,46.43546978921776,42.562589928057555,37.58969002695418
137,39.34574796235421,39.317990259788765,36.03658563326655,61.434418476278964,46.89077280437099,39.06248966398556,55.16143130700156,46.43546978921776,42.562589928057555,37.58969002695418
138,39.34574796235421,39.317990259788765,52.96991198955436,61.434418476278964,46.89077280437099,39.06248966398556,55.16143130700156,46.43546978921776,42.562589928057555,37.58969002695418
139,39.34574796235421,39.317990259788765,52.96991198955436,61.434418476278964,46.89077280437099,39.06248966398556,55.16143130700156,46.43546978921776,42.562589928057555,37.58969002695418
140,39.34574796235421,39.317990259788765,52.96991198955436,61.434418476278964,46.89077280437099,39.06248966398556,55.16143130700156,46.43546978921776,42.562589928057555,37.58969002695418
141,39.34574796235421,39.317990259788765,52.96991198955436,61.434418476278964,46.89077280437099,59.74319389110225,55.16143130700156,46.43546978921776,42.562589928057555,37.58969002695418
142,40.72995264256016,39.317990259788765,52.96991198955436,61.434418476278964,46.89077280437099,59.74319389110225,38.62107169208993,46.43546978921776,42.562589928057555,37.58969002695418
143,40.72995264256016,39.317990259788765,52.96991198955436,61.434418476278964,46.89077280437099,59.74319389110225,38.62107169208993,46.43546978921776,46.068259354780324,37.58969002695418
144,40.72995264256016,39.317990259788765,52.96991198955436,61.434418476278964,46.89077280437099,59.74319389110225,38.62107169208993,46.43546978921776,46.068259354780324,37.58969002695418
145,40.72995264256016,39.317990259788765,52.96991198955436,61.434418476278964,46.89077280437099,59.74319389110225,38.62107169208993,46.43546978921776,46.068259354780324,37.58969002695418
146,47.02647626123895,39.317990259788765,52.96991198955436,61.434418476278964,46.89077280437099,59.74319389110225,38.62107169208993,46.43546978921776,46.068259354780324,37.58969002695418
147,47.02647626123895,39.317990259788765,52.96991198955436,61.434418476278964,46.89077280437099,59.74319389110225,38.62107169208993,46.43546978921776,46.068259354780324,37.58969002695418
148,47.02647626123895,39.317990259788765,52.96991198955436,61.434418476278964,46.89077280437099,59.74319389110225,38.62107169208993,46.43546978921776,46.068259354780324,37.58969002695418
149,47.02647626123895,39.317990259788765,52.96991198955436,61.434418476278964,46.89077280437099,59.74319389110225,38.62107169208993,46.43546978921776,58.2895219673318,37.58969002695418
150,47.02647626123895,39.317990259788765,52.96991198955436,61.434418476278964,46.89077280437099,59.74319389110225,38.62107169208993,46.43546978921776,58.2895219673318,37.58969002695418
151,47.02647626123895,39.317990259788765,52.96991198955436,61.434418476278964,46.89077280437099,59.74319389110225,38.62107169208993,46.43546978921776,58.2895219673318,37.58969002695418
152,47.02647626123895,39.317990259788765,52.96991198955436,61.434418476278964,46.89077280437099,59.74319389110225,38.62107169208993,43.259745413627506,58.2895219673318,37.58969002695418
153,47.02647626123895,39.317990259788765,52.96991198955436,61.434418476278964,46.89077280437099,59.74319389110225,38.62107169208993,43.259745413627506,58.2895219673318,37.58969002695418
154,47.02647626123895,39.317990259788765,52.96991198955436,61.434418476278964,46.89077280437099,59.74319389110225,38.62107169208993,43.259745413627506,58.2895219673318,37.58969002695418
155,47.02647626123895,39.317990259788765,52.96991198955436,61.434418476278964,46.89077280437099,59.74319389110225,38.62107169208993,43.259745413627506,58.2895219673318,37.58969002695418
156,47.02647626123895,39.317990259788765,52.96991198955436,61.434418476278964,46.89077280437099,59.74319389110225,38.62107169208993,43.259745413627506,58.2895219673318,37.58969002695418
157,47.02647626123895,39.317990259788765,52.96991198955436,61.434418476278964,46.89077280437099,59.74319389110225,38.62107169208993,43.259745413627506,58.2895219673318,37.58969002695418
158,47.02647626123895,39.317990259788765,52.96991198955436,61.434418476278964,46.89077280437099,59.74319389110225,38.62107169208993,43.259745413627506,58.2895219673318,37.58969002695418
159,47.02647626123895,39.317990259788765,52.96991198955436,61.434418476278964,46.89077280437099,59.74319389110225,38.62107169208993,43.259745413627506,58.2895219673318,37.58969002695418
160,47.02647626123895,39.317990259788765,52.96991198955436,61.434418476278964,46.89077280437099,59.74319389110225,45.203072625698326,65.837183776398,58.2895219673318,37.58969002695418
161,47.02647626123895,39.317990259788765,52.96991198955436,61.434418476278964,46.89077280437099,59.74319389110225,45.203072625698326,65.837183776398,58.2895219673318,37.58969002695418
162,47.02647626123895,39.317990259788765,52.96991198955436,61.434418476278964,46.89077280437099,59.74319389110225,45.203072625698326,65.837183776398,58.2895219673318,37.58969002695418
163,47.02647626123895,39.317990259788765,52.96991198955436,61.434418476278964,46.89077280437099,59.74319389110225,45.203072625698326,65.837183776398,58.2895219673318,37.58969002695418
164,47.02647626123895,48.84483746395972,52.96991198955436,61.434418476278964,46.89077280437099,59.74319389110225,55.19121655197337,65.837183776398,58.2895219673318,37.58969002695418
165,40.28586631842812,48.84483746395972,52.96991198955436,61.434418476278964,46.89077280437099,59.74319389110225,55.19121655197337,65.837183776398,58.2895219673318,37.58969002695418
166,40.28586631842812,48.84483746395972,52.96991198955436,61.434418476278964,46.89077280437099,59.74319389110225,55.19121655197337,65.837183776398,58.2895219673318,37.58969002695418
167,40.28586631842812,48.84483746395972,52.96991198955436,61.434418476278964,46.89077280437099,59.74319389110225,55.19121655197337,65.837183776398,58.2895219673318,37.58969002695418
168,40.28586631842812,48.84483746395972,52.96991198955436,61.434418476278964,46.89077280437099,59.74319389110225,55.19121655197337,65.837183776398,58.2895219673318,37.58969002695418
169,40.28586631842812,48.84483746395972,52.96991198955436,59.63731098355988,46.89077280437099,59.74319389110225,55.19121655197337,65.837183776398,58.2895219673318,37.58969002695418
170,40.28586631842812,48.84483746395972,52.96991198955436,59.63731098355988,46.89077280437099,59.74319389110225,55.19121655197337,65.837183776398,58.2895219673318,44.94950584007188
171,40.28586631842812,48.84483746395972,52.96991198955436,59.63731098355988,46.89077280437099,59.74319389110225,55.19121655197337,65.837183776398,58.2895219673318,44.94950584007188
172,40.28586631842812,48.84483746395972,52.96991198955436,59.63731098355988,46.89077280437099,59.74319389110225,55.19121655197337,65.837183776398,58.2895219673318,44.94950584007188
173,40.28586631842812,48.84483746395972,52.96991198955436,59.63731098355988,46.89077280437099,59.74319389110225,55.19121655197337,65.837183776398,58.2895219673318,44.94950584007188
174,40.28586631842812,48.84483746395972,52.96991198955436,59.63731098355988,46.89077280437099,59.74319389110225,55.19121655197337,65.837183776398,58.2895219673318,44.94950584007188
175,40.28586631842812,48.84483746395972,52.96991198955436,59.63731098355988,46.89077280437099,59.74319389110225,55.19121655197337,65.837183776398,58.2895219673318,44.94950584007188
176,40.28586631842812,48.84483746395972,52.96991198955436,59.63731098355988,46.89077280437099,59.74319389110225,55.19121655197337,65.837183776398,58.2895219673318,44.94950584007188
177,40.28586631842812,48.84483746395972,52.96991198955436,59.63731098355988,46.89077280437099,59.74319389110225,55.19121655197337,65.837183776398,58.2895219673318,44.94950584007188
178,40.28586631842812,48.84483746395972,52.96991198955436,59.63731098355988,46.89077280437099,59.74319389110225,55.19121655197337,65.837183776398,58.2895219673318,44.94950584007188
179,40.28586631842812,48.84483746395972,52.96991198955436,59.63731098355988,46.89077280437099,59.74319389110225,55.19121655197337,65.837183776398,58.2895219673318,44.94950584007188
180,40.28586631842812,48.84483746395972,52.96991198955436,59.63731098355988,46.89077280437099,59.74319389110225,55.19121655197337,65.837183776398,58.2895219673318,44.94950584007188
181,40.28586631842812,48.84483746395972,52.96991198955436,59.63731098355988,46.89077280437099,59.74319389110225,55.19121655197337,65.837183776398,58.2895219673318,44.94950584007188
182,40.28586631842812,48.84483746395972,52.96991198955436,59.63731098355988,46.89077280437099,59.74319389110225,55.19121655197337,65.837183776398,58.2895219673318,62.54564240790656
183,40.28586631842812,48.84483746395972,52.96991198955436,59.63731098355988,46.89077280437099,59.74319389110225,55.19121655197337,65.837183776398,58.2895219673318,51.83834231805929
184,40.28586631842812,48.84483746395972,52.96991198955436,59.63731098355988,46.89077280437099,59.74319389110225,55.19121655197337,55.127601623565816,58.2895219673318,51.83834231805929
185,70.34750228906802,48.84483746395972,52.96991198955436,59.63731098355988,46.89077280437099,59.74319389110225,55.19121655197337,55.127601623565816,58.2895219673318,51.33753369272237
186,70.34750228906802,48.84483746395972,52.96991198955436,59.63731098355988,46.89077280437099,46.10986055776892,55.19121655197337,55.127601623565816,58.2895219673318,51.33753369272237
187,70.34750228906802,48.84483746395972,52.96991198955436,59.63731098355988,46.89077280437099,46.10986055776892,55.19121655197337,55.127601623565816,58.2895219673318,51.33753369272237
188,54.065645967487725,60.77617457685355,52.96991198955436,59.63731098355988,46.89077280437099,55.1143470144579,55.19121655197337,55.127601623565816,58.2895219673318,51.33753369272237
189,54.065645967487725,60.77617457685355,45.82000867147085,59.63731098355988,46.89077280437099,55.1143470144579,64.193947858473,67.72535967609058,58.2895219673318,51.33753369272237
190,54.065645967487725,60.77617457685355,45.82000867147085,59.63731098355988,61.14790231308446,55.1143470144579,64.193947858473,67.72535967609058,58.2895219673318,51.33753369272237
191,54.065645967487725,57.05350020167615,45.82000867147085,59.63731098355988,61.14790231308446,55.1143470144579,64.193947858473,67.72535967609058,58.2895219673318,51.33753369272237
192,54.065645967487725,57.05350020167615,45.82000867147085,32.81298512346327,61.14790231308446,55.1143470144579,64.193947858473,67.72535967609058,58.2895219673318,51.33753369272237
193,54.065645967487725,57.05350020167615,45.82000867147085,54.36328322867804,61.14790231308446,55.1143470144579,64.193947858473,49.82332971647878,58.2895219673318,51.33753369272237
194,54.065645967487725,57.05350020167615,45.82000867147085,54.36328322867804,61.14790231308446,55.1143470144579,64.193947858473,49.82332971647878,58.2895219673318,51.33753369272237
195,54.065645967487725,57.05350020167615,45.82000867147085,54.36328322867804,61.14790231308446,55.1143470144579,64.193947858473,49.82332971647878,58.2895219673318,51.33753369272237
196,54.065645967487725,57.05350020167615,45.82000867147085,54.36328322867804,61.14790231308446,55.1143470144579,64.193947858473,49.82332971647878,58.2895219673318,51.33753369272237
197,54.065645967487725,57.05350020167615,45.82000867147085,54.36328322867804,61.14790231308446,55.1143470144579,64.193947858473,49.82332971647878,58.2895219673318,51.33753369272237
198,54.065645967487725,57.05350020167615,45.82000867147085,54.36328322867804,61.14790231308446,55.1143470144579,64.193947858473,49.82332971647878,58.2895219673318,51.33753369272237
199,54.065645967487725,57.05350020167615,45.82000867147085,54.36328322867804,61.14790231308446,55.1143470144579,64.193947858473,49.82332971647878,58.2895219673318,51.33753369272237
200,54.065645967487725,57.05350020167615,45.82000867147085,54.36328322867804,61.14790231308446,55.1143470144579,64.193947858473,49.82332971647878,58.2895219673318,51.33753369272237
201,54.065645967487725,57.05350020167615,45.82000867147085,54.36328322867804,61.14790231308446,55.1143470144579,64.193947858473,49.82332971647878,58.2895219673318,51.33753369272237
202,54.065645967487725,57.05350020167615,72.16664723061129,54.36328322867804,46.87634679755633,55.1143470144579,64.193947858473,49.82332971647878,58.2895219673318,51.33753369272237
203,54.065645967487725,57.05350020167615,66.86598740144923,55.27370167498414,46.87634679755633,55.1143470144579,64.193947858473,49.82332971647878,58.2895219673318,51.33753369272237
204,54.065645967487725,57.05350020167615,66.86598740144923,55.27370167498414,46.87634679755633,55.1143470144579,64.193947858473,49.82332971647878,58.2895219673318,51.33753369272237
205,54.065645967487725,57.05350020167615,66.86598740144923,55.27370167498414,46.87634679755633,55.1143470144579,64.193947858473,49.82332971647878,60.073126781593594,51.33753369272237
206,54.065645967487725,57.05350020167615,66.86598740144923,55.27370167498414,46.87634679755633,54.20568731363853,64.193947858473,49.82332971647878,60.073126781593594,51.33753369272237
207,54.065645967487725,57.05350020167615,66.86598740144923,55.27370167498414,46.87634679755633,54.20568731363853,64.193947858473,49.82332971647878,60.073126781593594,51.33753369272237
208,54.065645967487725,57.05350020167615,66.86598740144923,55.27370167498414,46.87634679755633,54.20568731363853,64.193947858473,49.82332971647878,60.073126781593594,51.33753369272237
209,54.065645967487725,57.05350020167615,66.86598740144923,55.27370167498414,46.87634679755633,54.20568731363853,64.193947858473,49.82332971647878,60.073126781593594,51.33753369272237
210,54.065645967487725,57.05350020167615,66.86598740144923,55.27370167498414,46.87634679755633,54.20568731363853,64.193947858473,49.82332971647878,60.073126781593594,51.33753369272237
211,54.065645967487725,57.05350020167615,66.86598740144923,55.27370167498414,46.87634679755633,54.20568731363853,64.193947858473,49.82332971647878,29.802495362200805,51.33753369272237
212,51.6219431560619,57.05350020167615,66.86598740144923,55.27370167498414,46.87634679755633,54.20568731363853,64.193947858473,49.82332971647878,51.393021808967916,51.33753369272237
213,51.6219431560619,57.05350020167615,66.86598740144923,55.27370167498414,46.87634679755633,54.20568731363853,64.193947858473,49.82332971647878,51.393021808967916,51.33753369272237
214,51.6219431560619,57.05350020167615,66.86598740144923,55.27370167498414,46.87634679755633,54.20568731363853,64.193947858473,49.82332971647878,51.393021808967916,51.33753369272237
215,51.6219431560619,57.05350020167615,66.86598740144923,55.27370167498414,46.87634679755633,54.20568731363853,64.193947858473,49.82332971647878,51.393021808967916,51.33753369272237
216,51.6219431560619,57.05350020167615,66.86598740144923,55.27370167498414,46.87634679755633,54.20568731363853,64.193947858473,42.67472421484116,51.393021808967916,51.33753369272237
217,51.6219431560619,57.05350020167615,66.86598740144923,55.27370167498414,46.87634679755633,54.20568731363853,64.193947858473,42.67472421484116,51.393021808967916,51.33753369272237
218,51.6219431560619,57.05350020167615,66.86598740144923,55.27370167498414,46.87634679755633,54.20568731363853,64.193947858473,42.67472421484116,51.393021808967916,51.33753369272237
219,51.6219431560619,57.05350020167615,66.86598740144923,55.27370167498414,46.87634679755633,54.20568731363853,64.193947858473,42.67472421484116,51.393021808967916,51.33753369272237
220,51.6219431560619,57.05350020167615,66.86598740144923,55.27370167498414,46.87634679755633,54.20568731363853,56.001581361963986,42.67472421484116,51.393021808967916,51.33753369272237
221,51.6219431560619,57.05350020167615,66.86598740144923,55.27370167498414,46.87634679755633,54.20568731363853,56.001581361963986,42.67472421484116,51.393021808967916,51.33753369272237
222,51.6219431560619,57.05350020167615,66.86598740144923,55.27370167498414,64.57227638432326,54.20568731363853,75.43737256998298,48.13181978017562,51.393021808967916,51.33753369272237
223,51.6219431560619,57.05350020167615,66.86598740144923,55.27370167498414,64.57227638432326,54.20568731363853,75.43737256998298,48.13181978017562,51.393021808967916,51.33753369272237
224,51.6219431560619,57.05350020167615,66.86598740144923,55.27370167498414,64.57227638432326,54.20568731363853,75.43737256998298,48.13181978017562,51.393021808967916,51.33753369272237
225,51.6219431560619,57.05350020167615,66.86598740144923,55.27370167498414,64.57227638432326,54.20568731363853,75.43737256998298,48.13181978017562,51.393021808967916,51.33753369272237
226,51.6219431560619,57.05350020167615,66.86598740144923,55.27370167498414,64.57227638432326,54.20568731363853,75.43737256998298,48.13181978017562,51.393021808967916,51.33753369272237
227,51.6219431560619,57.05350020167615,66.86598740144923,55.27370167498414,64.57227638432326,54.20568731363853,75.43737256998298,48.13181978017562,51.393021808967916,51.33753369272237
228,51.6219431560619,57.05350020167615,66.86598740144923,55.27370167498414,64.57227638432326,54.20568731363853,75.43737256998298,48.13181978017562,51.393021808967916,51.33753369272237
229,51.6219431560619,57.05350020167615,66.86598740144923,55.27370167498414,64.57227638432326,54.20568731363853,75.43737256998298,48.13181978017562,51.393021808967916,51.33753369272237
230,51.6219431560619,57.05350020167615,66.86598740144923,55.27370167498414,64.57227638432326,54.20568731363853,75.43737256998298,48.13181978017562,51.393021808967916,51.33753369272237
231,51.6219431560619,57.05350020167615,66.86598740144923,55.27370167498414,64.57227638432326,54.20568731363853,75.43737256998298,48.13181978017562,51.393021808967916,61.15804132973944
232,51.6219431560619,57.05350020167615,66.86598740144923,55.27370167498414,64.57227638432326,54.20568731363853,75.43737256998298,81.1033104265879,51.393021808967916,61.15804132973944
233,51.6219431560619,57.05350020167615,66.86598740144923,55.27370167498414,64.57227638432326,54.20568731363853,75.43737256998298,81.1033104265879,51.393021808967916,61.15804132973944
234,51.6219431560619,57.05350020167615,66.86598740144923,55.27370167498414,64.57227638432326,54.20568731363853,75.43737256998298,81.1033104265879,51.393021808967916,61.15804132973944
235,51.6219431560619,57.05350020167615,66.86598740144923,55.27370167498414,64.57227638432326,54.20568731363853,75.43737256998298,81.1033104265879,51.393021808967916,61.15804132973944
236,51.6219431560619,57.05350020167615,66.86598740144923,55.27370167498414,64.57227638432326,54.20568731363853,75.43737256998298,81.1033104265879,51.393021808967916,61.15804132973944
237,51.6219431560619,57.05350020167615,66.86598740144923,55.27370167498414,64.57227638432326,54.20568731363853,75.43737256998298,81.1033104265879,51.393021808967916,61.15804132973944
238,51.6219431560619,57.05350020167615,66.86598740144923,55.27370167498414,64.57227638432326,54.20568731363853,75.43737256998298,81.1033104265879,51.393021808967916,61.15804132973944
239,51.6219431560619,57.05350020167615,66.86598740144923,55.27370167498414,64.57227638432326,54.20568731363853,75.43737256998298,81.1033104265879,51.393021808967916,43.561904761904756
240,51.6219431560619,57.05350020167615,66.86598740144923,55.27370167498414,64.57227638432326,54.20568731363853,75.43737256998298,81.1033104265879,51.393021808967916,43.561904761904756
241,51.6219431560619,57.05350020167615,66.86598740144923,55.27370167498414,64.57227638432326,54.20568731363853,75.43737256998298,81.1033104265879,51.393021808967916,43.561904761904756
242,51.6219431560619,57.05350020167615,66.86598740144923,55.27370167498414,64.57227638432326,54.20568731363853,75.43737256998298,81.1033104265879,51.393021808967916,75.26583557951483
243,51.6219431560619,57.05350020167615,66.86598740144923,55.27370167498414,64.57227638432326,54.20568731363853,75.43737256998298,81.1033104265879,51.393021808967916,75.26583557951483
244,51.6219431560619,57.05350020167615,66.86598740144923,55.27370167498414,64.57227638432326,54.20568731363853,75.43737256998298,81.1033104265879,51.393021808967916,75.26583557951483
245,51.6219431560619,57.05350020167615,66.86598740144923,55.27370167498414,64.57227638432326,54.20568731363853,75.43737256998298,81.1033104265879,51.393021808967916,75.26583557951483
246,51.6219431560619,57.05350020167615,66.86598740144923,55.27370167498414,64.57227638432326,54.20568731363853,75.43737256998298,81.1033104265879,51.393021808967916,75.26583557951483
247,51.6219431560619,57.05350020167615,66.86598740144923,55.27370167498414,64.57227638432326,54.20568731363853,75.43737256998298,81.1033104265879,83.668729921723,75.26583557951483
248,51.6219431560619,57.05350020167615,66.86598740144923,55.27370167498414,64.57227638432326,54.20568731363853,75.43737256998298,81.1033104265879,83.668729921723,75.26583557951483
249,51.6219431560619,57.05350020167615,66.86598740144923,50.436026396111515,64.57227638432326,54.20568731363853,75.43737256998298,81.1033104265879,83.668729921723,75.26583557951483
250,51.6219431560619,57.05350020167615,66.86598740144923,50.436026396111515,64.57227638432326,54.20568731363853,75.43737256998298,81.1033104265879,83.668729921723,53.720530098831986
251,60.182458233890216,57.05350020167615,66.86598740144923,60.594557175755945,64.57227638432326,54.20568731363853,53.85695136703358,81.1033104265879,62.078203474955885,53.720530098831986
252,60.182458233890216,57.05350020167615,66.86598740144923,60.594557175755945,68.20976681526847,50.237254128141515,48.90220188528663,81.1033104265879,62.078203474955885,53.720530098831986
253,60.182458233890216,57.05350020167615,66.86598740144923,60.594557175755945,68.20976681526847,50.237254128141515,48.90220188528663,81.1033104265879,62.078203474955885,53.720530098831986
254,60.182458233890216,57.05350020167615,47.14512254682096,60.594557175755945,68.20976681526847,50.237254128141515,48.90220188528663,81.1033104265879,62.078203474955885,81.23059299191374
255,60.182458233890216,57.05350020167615,47.14512254682096,60.594557175755945,68.20976681526847,50.237254128141515,48.90220188528663,81.1033104265879,62.078203474955885,81.23059299191374
256,60.182458233890216,57.05350020167615,47.14512254682096,60.594557175755945,68.20976681526847,50.237254128141515,48.90220188528663,81.1033104265879,62.078203474955885,81.23059299191374
257,60.182458233890216,55.703544645124666,47.14512254682096,60.594557175755945,68.20976681526847,50.237254128141515,48.90220188528663,81.1033104265879,62.078203474955885,81.23059299191374
258,60.182458233890216,55.703544645124666,47.14512254682096,60.594557175755945,68.20976681526847,21.323957002179956,48.90220188528663,52.208541302469506,62.078203474955885,81.23059299191374
259,60.182458233890216,55.703544645124666,47.14512254682096,58.565585769878254,68.20976681526847,50.255206845573674,48.90220188528663,52.208541302469506,62.078203474955885,81.23059299191374
260,60.182458233890216,55.703544645124666,47.14512254682096,58.565585769878254,46.62151236096726,50.255206845573674,48.90220188528663,52.208541302469506,62.078203474955885,81.23059299191374
261,60.182458233890216,48.569731770716615,62.320521235136404,58.565585769878254,46.62151236096726,50.255206845573674,48.90220188528663,52.208541302469506,62.078203474955885,81.23059299191374
262,60.182458233890216,45.25220872734878,62.320521235136404,58.565585769878254,46.62151236096726,50.255206845573674,48.90220188528663,52.208541302469506,62.078203474955885,81.23059299191374
263,60.182458233890216,45.25220872734878,62.320521235136404,58.565585769878254,46.62151236096726,50.255206845573674,48.90220188528663,52.208541302469506,62.078203474955885,81.23059299191374
264,60.182458233890216,45.25220872734878,62.320521235136404,58.565585769878254,46.62151236096726,50.255206845573674,48.90220188528663,52.208541302469506,62.078203474955885,81.23059299191374
265,60.182458233890216,45.25220872734878,62.320521235136404,58.565585769878254,46.62151236096726,50.255206845573674,48.90220188528663,48.72706010006631,62.078203474955885,81.23059299191374
266,60.182458233890216,45.25220872734878,62.320521235136404,58.565585769878254,46.62151236096726,50.255206845573674,48.90220188528663,48.72706010006631,62.078203474955885,81.23059299191374
267,60.182458233890216,45.25220872734878,62.320521235136404,58.565585769878254,46.62151236096726,50.255206845573674,48.90220188528663,48.72706010006631,62.078203474955885,81.23059299191374
268,60.182458233890216,45.25220872734878,62.320521235136404,58.565585769878254,46.62151236096726,50.255206845573674,48.90220188528663,48.72706010006631,62.078203474955885,81.23059299191374
269,60.182458233890216,45.25220872734878,62.320521235136404,58.565585769878254,46.62151236096726,50.255206845573674,48.90220188528663,48.72706010006631,62.078203474955885,81.23059299191374
270,60.182458233890216,45.25220872734878,62.320521235136404,58.565585769878254,46.62151236096726,50.255206845573674,48.90220188528663,48.72706010006631,62.078203474955885,81.23059299191374
271,60.182458233890216,45.25220872734878,62.320521235136404,58.565585769878254,46.62151236096726,50.255206845573674,48.90220188528663,48.72706010006631,62.078203474955885,81.23059299191374
272,60.182458233890216,45.25220872734878,62.320521235136404,58.565585769878254,46.62151236096726,50.255206845573674,48.90220188528663,48.72706010006631,62.078203474955885,81.23059299191374
273,60.182458233890216,45.25220872734878,62.320521235136404,58.565585769878254,46.62151236096726,50.255206845573674,48.90220188528663,48.72706010006631,62.078203474955885,81.23059299191374
274,60.182458233890216,45.25220872734878,62.320521235136404,58.565585769878254,46.62151236096726,50.255206845573674,48.90220188528663,48.72706010006631,62.078203474955885,81.23059299191374
275,60.182458233890216,59.60251983148837,62.320521235136404,58.565585769878254,61.00141546959667,54.43803653311283,63.301990443062444,48.72706010006631,62.078203474955885,81.23059299191374
276,60.182458233890216,59.60251983148837,62.320521235136404,58.565585769878254,61.00141546959667,54.43803653311283,63.301990443062444,77.66684449534831,62.078203474955885,81.23059299191374
277,60.182458233890216,59.60251983148837,62.320521235136404,58.565585769878254,61.00141546959667,54.43803653311283,63.301990443062444,77.66684449534831,62.078203474955885,81.23059299191374
278,60.182458233890216,59.60251983148837,62.320521235136404,58.565585769878254,61.00141546959667,54.43803653311283,63.301990443062444,77.66684449534831,62.078203474955885,81.23059299191374
279,60.182458233890216,59.60251983148837,62.320521235136404,58.565585769878254,61.00141546959667,54.43803653311283,63.301990443062444,68.21860520023307,62.078203474955885,81.23059299191374
280,60.182458233890216,59.60251983148837,62.320521235136404,58.565585769878254,61.00141546959667,54.43803653311283,63.301990443062444,68.21860520023307,64.64191665535496,81.23059299191374
281,60.182458233890216,59.60251983148837,62.320521235136404,58.565585769878254,61.00141546959667,54.43803653311283,63.301990443062444,68.21860520023307,64.64191665535496,81.23059299191374
282,60.182458233890216,59.60251983148837,61.2534553817939,58.565585769878254,61.00141546959667,54.43803653311283,63.301990443062444,68.21860520023307,64.64191665535496,81.23059299191374
283,60.182458233890216,59.60251983148837,61.2534553817939,58.565585769878254,61.00141546959667,54.43803653311283,63.301990443062444,68.21860520023307,64.64191665535496,81.23059299191374
284,60.182458233890216,59.60251983148837,61.2534553817939,58.565585769878254,61.00141546959667,54.43803653311283,63.301990443062444,68.21860520023307,64.64191665535496,81.23059299191374
285,60.182458233890216,59.60251983148837,61.2534553817939,58.565585769878254,68.47233567493733,54.43803653311283,61.61595541768937,68.21860520023307,64.64191665535496,81.23059299191374
286,60.182458233890216,59.60251983148837,61.2534553817939,58.565585769878254,68.47233567493733,54.43803653311283,61.61595541768937,68.21860520023307,64.64191665535496,81.23059299191374
287,60.182458233890216,59.60251983148837,61.2534553817939,58.565585769878254,68.47233567493733,54.43803653311283,61.61595541768937,68.21860520023307,64.64191665535496,81.23059299191374
288,60.182458233890216,59.60251983148837,61.2534553817939,58.565585769878254,68.47233567493733,54.43803653311283,61.61595541768937,68.21860520023307,64.64191665535496,81.23059299191374
289,60.182458233890216,59.60251983148837,61.2534553817939,58.565585769878254,68.47233567493733,54.43803653311283,61.61595541768937,62.76150963489863,64.64191665535496,81.23059299191374
290,60.182458233890216,59.60251983148837,61.2534553817939,58.565585769878254,68.47233567493733,54.43803653311283,61.61595541768937,62.76150963489863,64.64191665535496,81.23059299191374
291,60.182458233890216,59.60251983148837,61.2534553817939,58.565585769878254,68.47233567493733,54.43803653311283,61.61595541768937,62.76150963489863,64.64191665535496,81.23059299191374
292,60.182458233890216,59.60251983148837,61.2534553817939,58.565585769878254,68.47233567493733,54.43803653311283,61.61595541768937,62.76150963489863,64.64191665535496,81.23059299191374
293,60.182458233890216,59.60251983148837,61.2534553817939,58.565585769878254,68.47233567493733,54.43803653311283,61.61595541768937,62.76150963489863,64.64191665535496,81.23059299191374
294,60.182458233890216,59.60251983148837,61.2534553817939,58.565585769878254,68.47233567493733,54.43803653311283,61.61595541768937,62.76150963489863,64.64191665535496,81.23059299191374
295,60.182458233890216,59.60251983148837,61.2534553817939,58.565585769878254,68.47233567493733,54.43803653311283,61.61595541768937,62.76150963489863,64.64191665535496,81.23059299191374
296,60.182458233890216,59.60251983148837,61.2534553817939,58.565585769878254,68.47233567493733,54.43803653311283,61.61595541768937,62.76150963489863,64.64191665535496,81.23059299191374
297,60.182458233890216,59.60251983148837,61.2534553817939,58.565585769878254,68.47233567493733,54.43803653311283,61.61595541768937,62.76150963489863,64.64191665535496,81.23059299191374
298,60.182458233890216,59.60251983148837,61.2534553817939,58.565585769878254,68.47233567493733,54.43803653311283,61.61595541768937,62.76150963489863,64.64191665535496,81.23059299191374
299,60.182458233890216,59.60251983148837,61.2534553817939,58.565585769878254,68.47233567493733,61.18986569445488,61.61595541768937,62.76150963489863,64.64191665535496,81.23059299191374
300,60.182458233890216,59.60251983148837,61.2534553817939,58.565585769878254,68.47233567493733,61.18986569445488,61.61595541768937,62.76150963489863,64.64191665535496,81.23059299191374
301,60.182458233890216,59.60251983148837,61.2534553817939,58.565585769878254,68.47233567493733,61.18986569445488,61.61595541768937,62.76150963489863,64.64191665535496,81.23059299191374
302,60.182458233890216,59.60251983148837,61.2534553817939,58.565585769878254,68.47233567493733,61.18986569445488,61.61595541768937,62.76150963489863,64.64191665535496,64.05026954177897
303,60.182458233890216,59.60251983148837,61.2534553817939,58.565585769878254,68.47233567493733,61.18986569445488,61.61595541768937,62.76150963489863,64.64191665535496,64.05026954177897
304,60.182458233890216,59.60251983148837,61.2534553817939,58.565585769878254,68.47233567493733,61.18986569445488,61.61595541768937,62.76150963489863,64.64191665535496,64.05026954177897
305,60.182458233890216,59.60251983148837,61.2534553817939,58.565585769878254,68.47233567493733,61.18986569445488,61.61595541768937,62.76150963489863,64.64191665535496,64.05026954177897
306,60.182458233890216,59.60251983148837,61.2534553817939,58.565585769878254,68.47233567493733,61.18986569445488,61.61595541768937,62.76150963489863,64.64191665535496,64.05026954177897
307,60.182458233890216,59.60251983148837,61.2534553817939,26.85675688501906,68.47233567493733,61.18986569445488,61.61595541768937,62.76150963489863,64.64191665535496,64.05026954177897
308,60.182458233890216,59.60251983148837,61.2534553817939,26.85675688501906,68.47233567493733,61.18986569445488,61.61595541768937,59.587859927261036,64.64191665535496,64.05026954177897
309,60.182458233890216,59.60251983148837,61.2534553817939,26.85675688501906,68.47233567493733,61.18986569445488,61.61595541768937,59.587859927261036,64.64191665535496,64.05026954177897
310,60.182458233890216,59.60251983148837,61.2534553817939,26.85675688501906,68.47233567493733,61.18986569445488,61.61595541768937,59.587859927261036,64.64191665535496,64.05026954177897
311,60.182458233890216,59.60251983148837,61.2534553817939,26.85675688501906,68.47233567493733,61.18986569445488,61.61595541768937,59.587859927261036,64.64191665535496,64.05026954177897
312,60.182458233890216,59.60251983148837,61.2534553817939,26.85675688501906,68.47233567493733,35.683079004735774,61.61595541768937,59.587859927261036,64.64191665535496,32.346338724168916
313,14.379903108629412,45.25220872734878,61.2534553817939,26.85675688501906,54.09243256630792,35.683079004735774,26.874214589387986,39.23825828360158,64.64191665535496,32.346338724168916
314,0.0,45.25220872734878,61.2534553817939,26.85675688501906,54.09243256630792,35.683079004735774,26.874214589387986,39.23825828360158,64.64191665535496,32.346338724168916
315,0.0,45.25220872734878,32.34196169602009,26.85675688501906,25.166849792107595,6.7518291613420525,26.874214589387986,39.23825828360158,32.366208542599885,32.346338724168916
316,0.0,45.25220872734878,32.34196169602009,26.85675688501906,25.166849792107595,6.7518291613420525,26.874214589387986,10.29847388831957,32.366208542599885,32.346338724168916
317,0.0,45.25220872734878,32.34196169602009,26.85675688501906,25.166849792107595,6.7518291613420525,26.874214589387986,10.29847388831957,32.366208542599885,32.346338724168916
318,0.0,45.25220872734878,32.34196169602009,26.85675688501906,25.166849792107595,6.7518291613420525,26.874214589387986,10.29847388831957,32.366208542599885,32.346338724168916
319,0.0,45.25220872734878,32.34196169602009,26.85675688501906,25.166849792107595,6.7518291613420525,26.874214589387986,10.29847388831957,32.366208542599885,32.346338724168916
320,0.0,45.25220872734878,32.34196169602009,26.85675688501906,25.166849792107595,6.7518291613420525,26.874214589387986,10.29847388831957,32.366208542599885,32.346338724168916
321,0.0,45.25220872734878,0.0,26.85675688501906,25.166849792107595,6.7518291613420525,26.874214589387986,10.29847388831957,32.366208542599885,0.0
322,0.0,45.25220872734878,0.0,26.85675688501906,25.166849792107595,6.7518291613420525,26.874214589387986,10.29847388831957,0.0,0.0
323,0.0,45.25220872734878,0.0,0.0,25.166849792107595,6.7518291613420525,26.874214589387986,10.29847388831957,0.0,0.0
324,0.0,18.40699816250616,0.0,0.0,25.166849792107595,6.7518291613420525,0.0,10.29847388831957,0.0,0.0
325,0.0,18.40699816250616,0.0,0.0,25.166849792107595,6.7518291613420525,0.0,10.29847388831957,0.0,0.0
326,0.0,18.40699816250616,0.0,0.0,25.166849792107595,6.7518291613420525,0.0,10.29847388831957,0.0,0.0
327,0.0,18.40699816250616,0.0,0.0,25.166849792107595,6.7518291613420525,0.0,10.29847388831957,0.0,0.0
328,0.0,18.40699816250616,0.0,0.0,25.166849792107595,6.7518291613420525,0.0,10.29847388831957,0.0,0.0
329,0.0,18.40699816250616,0.0,0.0,6.747493282898785,6.7518291613420525,0.0,10.29847388831957,0.0,0.0
330,0.0,0.0,0.0,0.0,6.747493282898785,6.7518291613420525,0.0,10.29847388831957,0.0,0.0
331,0.0,0.0,0.0,0.0,6.747493282898785,6.7518291613420525,0.0,10.29847388831957,0.0,0.0
332,0.0,0.0,0.0,0.0,6.747493282898785,6.7518291613420525,0.0,10.29847388831957,0.0,0.0
333,0.0,0.0,0.0,0.0,6.747493282898785,6.7518291613420525,0.0,0.0,0.0,0.0
334,0.0,0.0,0.0,0.0,6.747493282898785,6.7518291613420525,0.0,0.0,0.0,0.0
335,0.0,0.0,0.0,0.0,6.747493282898785,6.7518291613420525,0.0,0.0,0.0,0.0
336,0.0,0.0,0.0,0.0,6.747493282898785,6.7518291613420525,0.0,0.0,0.0,0.0
337,0.0,0.0,0.0,0.0,6.747493282898785,6.7518291613420525,0.0,0.0,0.0,0.0
338,0.0,0.0,0.0,0.0,6.747493282898785,6.7518291613420525,0.0,0.0,0.0,0.0
339,0.0,0.0,0.0,0.0,6.747493282898785,6.7518291613420525,0.0,0.0,0.0,0.0
340,0.0,0.0,0.0,0.0,6.747493282898785,6.7518291613420525,0.0,0.0,0.0,0.0
341,0.0,0.0,0.0,0.0,6.747493282898785,6.7518291613420525,0.0,0.0,0.0,0.0
342,0.0,0.0,0.0,0.0,6.747493282898785,6.7518291613420525,0.0,0.0,0.0,0.0
343,0.0,0.0,0.0,0.0,6.747493282898785,6.7518291613420525,0.0,0.0,0.0,0.0
344,0.0,0.0,0.0,0.0,6.747493282898785,6.7518291613420525,0.0,0.0,0.0,0.0
345,0.0,0.0,0.0,0.0,6.747493282898785,6.7518291613420525,0.0,0.0,0.0,0.0
346,0.0,0.0,0.0,0.0,6.747493282898785,6.7518291613420525,0.0,0.0,0.0,0.0
347,0.0,0.0,0.0,0.0,6.747493282898785,6.7518291613420525,0.0,0.0,0.0,0.0
348,0.0,0.0,0.0,0.0,0.0,0.0,0.0,0.0,0.0,0.0
349,0.0,0.0,0.0,0.0,0.0,0.0,0.0,0.0,0.0,0.0
350,0.0,0.0,0.0,0.0,0.0,0.0,0.0,0.0,0.0,0.0
351,0.0,0.0,0.0,0.0,0.0,0.0,0.0,0.0,0.0,0.0
352,0.0,0.0,0.0,0.0,0.0,0.0,0.0,0.0,0.0,0.0
353,0.0,0.0,0.0,0.0,0.0,0.0,0.0,0.0,0.0,0.0
354,0.0,0.0,0.0,0.0,0.0,0.0,0.0,0.0,0.0,0.0
355,0.0,0.0,0.0,0.0,0.0,0.0,0.0,0.0,0.0,0.0
356,0.0,0.0,0.0,0.0,0.0,0.0,0.0,0.0,0.0,0.0
357,0.0,0.0,0.0,0.0,0.0,0.0,0.0,0.0,0.0,0.0
358,0.0,0.0,0.0,0.0,0.0,0.0,0.0,0.0,0.0,0.0
359,0.0,0.0,0.0,0.0,0.0,0.0,0.0,0.0,0.0,0.0
360,0.0,0.0,0.0,0.0,0.0,0.0,0.0,0.0,0.0,0.0
361,0.0,0.0,0.0,0.0,0.0,0.0,0.0,0.0,0.0,0.0
362,0.0,0.0,0.0,0.0,0.0,0.0,0.0,0.0,0.0,0.0
363,0.0,0.0,0.0,0.0,0.0,0.0,0.0,0.0,0.0,0.0
364,0.0,0.0,0.0,0.0,0.0,0.0,0.0,0.0,0.0,0.0
365,0.0,0.0,0.0,0.0,0.0,0.0,0.0,0.0,0.0,0.0
366,0.0,0.0,0.0,0.0,0.0,0.0,0.0,0.0,0.0,0.0
367,0.0,0.0,0.0,0.0,0.0,0.0,0.0,0.0,0.0,0.0
368,0.0,0.0,0.0,0.0,0.0,0.0,0.0,0.0,0.0,0.0
369,0.0,0.0,0.0,0.0,0.0,0.0,0.0,0.0,0.0,0.0
370,0.0,0.0,0.0,0.0,0.0,0.0,0.0,0.0,0.0,0.0
371,0.0,0.0,0.0,0.0,0.0,0.0,0.0,0.0,0.0,0.0
372,0.0,0.0,0.0,0.0,0.0,0.0,0.0,0.0,0.0,0.0
373,0.0,0.0,0.0,0.0,0.0,0.0,0.0,0.0,0.0,0.0
374,0.0,0.0,0.0,0.0,0.0,0.0,0.0,0.0,0.0,0.0
375,0.0,0.0,0.0,0.0,0.0,0.0,0.0,0.0,0.0,0.0
376,0.0,0.0,0.0,0.0,0.0,0.0,0.0,0.0,0.0,0.0
377,0.0,0.0,0.0,0.0,0.0,0.0,0.0,0.0,0.0,0.0
378,0.0,0.0,0.0,0.0,0.0,0.0,0.0,0.0,0.0,0.0
379,0.0,0.0,0.0,0.0,0.0,0.0,0.0,0.0,0.0,0.0
380,0.0,0.0,0.0,0.0,0.0,0.0,0.0,0.0,0.0,0.0
381,0.0,0.0,0.0,0.0,0.0,0.0,0.0,0.0,0.0,0.0
382,0.0,0.0,0.0,0.0,0.0,0.0,0.0,0.0,0.0,0.0
383,0.0,0.0,0.0,0.0,0.0,0.0,0.0,0.0,0.0,0.0
384,0.0,0.0,0.0,0.0,0.0,0.0,0.0,0.0,0.0,0.0
385,0.0,0.0,0.0,0.0,0.0,0.0,0.0,0.0,0.0,0.0
386,0.0,0.0,0.0,0.0,0.0,0.0,0.0,0.0,0.0,0.0
387,0.0,0.0,0.0,0.0,0.0,0.0,0.0,0.0,0.0,0.0
388,0.0,0.0,0.0,0.0,0.0,0.0,0.0,0.0,0.0,0.0
389,0.0,0.0,0.0,0.0,0.0,0.0,0.0,0.0,0.0,0.0
390,0.0,0.0,0.0,0.0,0.0,0.0,0.0,0.0,0.0,0.0
391,0.0,0.0,0.0,0.0,0.0,0.0,0.0,0.0,0.0,0.0
392,0.0,0.0,0.0,0.0,0.0,0.0,0.0,0.0,0.0,0.0
393,0.0,0.0,0.0,0.0,0.0,0.0,0.0,0.0,0.0,0.0
394,0.0,0.0,0.0,0.0,0.0,0.0,0.0,0.0,0.0,0.0
395,0.0,0.0,0.0,0.0,0.0,0.0,0.0,0.0,0.0,0.0
396,0.0,0.0,0.0,0.0,0.0,0.0,0.0,0.0,0.0,0.0
397,0.0,0.0,0.0,0.0,0.0,0.0,0.0,0.0,0.0,0.0
398,0.0,0.0,0.0,0.0,0.0,0.0,0.0,0.0,0.0,0.0
399,0.0,0.0,0.0,0.0,0.0,0.0,0.0,0.0,0.0,0.0
400,0.0,0.0,0.0,0.0,0.0,0.0,0.0,0.0,0.0,0.0
401,0.0,0.0,0.0,,0.0,0.0,0.0,0.0,0.0,0.0
402,0.0,0.0,0.0,,0.0,0.0,0.0,0.0,0.0,
403,0.0,0.0,,,,,0.0,0.0,0.0,
404,0.0,,,,,,,,,
