Time Interval,Agent 9,Agent 1,Agent 0,Agent 8,Agent 3,Agent 7,Agent 5,Agent 4,Agent 2,Agent 6
0,0.0,0.0,0.0,0.0,0.0,0.0,0.0,0.0,0.0,0.0
1,0.0,0.0,0.0,0.0,0.0,0.0,0.0,0.0,0.0,0.0
2,0.0,0.0,0.0,0.0,0.0,28.45414882352789,28.470047154960156,28.470047154960156,16.05292673131974,28.47805341763674
3,28.480730698233593,15.986956793138123,28.451513787333788,9.212785427251738,28.470047154960156,28.45414882352789,28.470047154960156,28.470047154960156,16.05292673131974,28.47805341763674
4,28.480730698233593,15.986956793138123,28.451513787333788,9.212785427251738,28.470047154960156,28.45414882352789,28.470047154960156,28.470047154960156,16.05292673131974,28.47805341763674
5,28.480730698233593,15.986956793138123,28.451513787333788,39.4411900591253,28.470047154960156,28.45414882352789,28.470047154960156,28.470047154960156,16.05292673131974,28.47805341763674
6,28.480730698233593,21.522501405232905,28.451513787333788,39.4411900591253,28.470047154960156,28.45414882352789,28.470047154960156,28.470047154960156,16.05292673131974,28.47805341763674
7,28.480730698233593,21.522501405232905,28.451513787333788,39.4411900591253,28.470047154960156,28.45414882352789,28.470047154960156,28.470047154960156,16.05292673131974,28.47805341763674
8,28.480730698233593,21.522501405232905,28.451513787333788,39.4411900591253,28.470047154960156,28.45414882352789,28.470047154960156,28.470047154960156,46.800150476049325,0.0
9,28.480730698233593,21.522501405232905,28.451513787333788,30.228404631873566,28.470047154960156,28.847921795339886,28.889143897553538,0.0,46.800150476049325,33.71184032805062
10,28.916844799041094,21.522501405232905,17.168162698475214,30.228404631873566,25.575991661000792,28.847921795339886,28.889143897553538,19.58721453753307,46.800150476049325,33.71184032805062
11,28.916844799041094,21.522501405232905,17.168162698475214,30.228404631873566,25.575991661000792,28.847921795339886,28.889143897553538,19.58721453753307,46.800150476049325,33.71184032805062
12,28.916844799041094,21.522501405232905,17.168162698475214,30.228404631873566,25.575991661000792,28.847921795339886,28.889143897553538,19.58721453753307,46.800150476049325,33.71184032805062
13,28.916844799041094,21.522501405232905,17.168162698475214,30.228404631873566,25.575991661000792,28.847921795339886,28.889143897553538,19.58721453753307,46.800150476049325,33.71184032805062
14,28.916844799041094,21.522501405232905,17.168162698475214,30.228404631873566,25.575991661000792,28.847921795339886,28.889143897553538,19.58721453753307,46.800150476049325,33.71184032805062
15,28.916844799041094,21.522501405232905,17.168162698475214,30.228404631873566,25.575991661000792,28.847921795339886,28.889143897553538,19.58721453753307,46.800150476049325,33.71184032805062
16,28.916844799041094,21.522501405232905,48.812493375118265,30.228404631873566,25.575991661000792,28.847921795339886,28.889143897553538,19.58721453753307,46.800150476049325,33.71184032805062
17,28.916844799041094,21.522501405232905,48.812493375118265,30.228404631873566,25.575991661000792,28.847921795339886,28.889143897553538,19.58721453753307,46.800150476049325,33.71184032805062
18,28.916844799041094,21.522501405232905,48.812493375118265,30.228404631873566,25.575991661000792,28.847921795339886,28.889143897553538,19.58721453753307,46.800150476049325,33.71184032805062
19,28.916844799041094,21.522501405232905,48.812493375118265,30.228404631873566,25.575991661000792,28.847921795339886,28.889143897553538,19.58721453753307,46.800150476049325,33.71184032805062
20,28.916844799041094,21.522501405232905,48.812493375118265,11.61488331885247,25.575991661000792,28.847921795339886,28.889143897553538,19.58721453753307,46.800150476049325,33.71184032805062
21,28.916844799041094,21.522501405232905,48.812493375118265,31.153678990408153,25.575991661000792,28.847921795339886,28.889143897553538,19.58721453753307,46.800150476049325,33.71184032805062
22,28.916844799041094,21.522501405232905,48.812493375118265,31.153678990408153,25.575991661000792,28.847921795339886,28.889143897553538,40.462305184893516,46.800150476049325,33.71184032805062
23,28.916844799041094,21.522501405232905,48.812493375118265,31.153678990408153,25.575991661000792,28.847921795339886,28.889143897553538,40.462305184893516,46.800150476049325,33.71184032805062
24,28.916844799041094,21.522501405232905,48.812493375118265,31.153678990408153,25.575991661000792,28.847921795339886,28.889143897553538,40.462305184893516,46.800150476049325,33.71184032805062
25,28.916844799041094,21.522501405232905,48.812493375118265,31.153678990408153,25.575991661000792,28.847921795339886,28.889143897553538,40.462305184893516,46.800150476049325,33.71184032805062
26,28.916844799041094,21.522501405232905,48.812493375118265,31.153678990408153,25.575991661000792,28.847921795339886,28.889143897553538,40.462305184893516,29.76881215779164,33.71184032805062
27,28.916844799041094,10.270487656689784,48.812493375118265,31.153678990408153,25.575991661000792,28.847921795339886,28.889143897553538,40.462305184893516,29.76881215779164,33.71184032805062
28,28.916844799041094,46.379395904418594,48.812493375118265,31.153678990408153,25.575991661000792,28.847921795339886,28.889143897553538,40.462305184893516,29.76881215779164,33.71184032805062
29,28.916844799041094,46.379395904418594,48.812493375118265,31.153678990408153,25.575991661000792,28.847921795339886,28.889143897553538,40.462305184893516,40.55753305819006,16.151918978483675
30,28.916844799041094,46.379395904418594,48.812493375118265,31.153678990408153,25.575991661000792,28.847921795339886,28.889143897553538,40.462305184893516,40.55753305819006,47.88433713536267
31,25.60209003099733,46.379395904418594,48.812493375118265,31.153678990408153,25.575991661000792,24.587330105520852,46.44810174583348,40.462305184893516,40.55753305819006,47.88433713536267
32,0.0,46.379395904418594,48.812493375118265,31.153678990408153,25.575991661000792,24.587330105520852,46.44810174583348,40.462305184893516,40.55753305819006,47.88433713536267
33,28.563250289962788,46.379395904418594,48.812493375118265,31.153678990408153,25.575991661000792,24.587330105520852,46.44810174583348,40.462305184893516,40.55753305819006,47.88433713536267
34,28.563250289962788,46.379395904418594,48.812493375118265,31.153678990408153,25.575991661000792,24.587330105520852,46.44810174583348,40.462305184893516,40.55753305819006,47.88433713536267
35,28.563250289962788,46.379395904418594,31.64433067664305,31.153678990408153,25.575991661000792,21.276562618682945,46.44810174583348,40.462305184893516,40.55753305819006,47.88433713536267
36,28.563250289962788,46.379395904418594,31.64433067664305,31.153678990408153,36.47484789815294,21.276562618682945,46.44810174583348,40.462305184893516,40.55753305819006,47.88433713536267
37,28.563250289962788,46.379395904418594,31.64433067664305,31.153678990408153,36.47484789815294,21.276562618682945,46.44810174583348,40.462305184893516,40.55753305819006,47.88433713536267
38,28.563250289962788,46.379395904418594,31.64433067664305,31.153678990408153,36.47484789815294,21.276562618682945,46.44810174583348,40.462305184893516,40.55753305819006,47.88433713536267
39,28.563250289962788,46.379395904418594,31.64433067664305,31.153678990408153,36.47484789815294,21.276562618682945,46.44810174583348,40.462305184893516,40.55753305819006,47.88433713536267
40,28.563250289962788,46.379395904418594,31.64433067664305,31.153678990408153,36.47484789815294,21.276562618682945,46.44810174583348,40.462305184893516,40.55753305819006,47.88433713536267
41,28.563250289962788,46.379395904418594,31.64433067664305,31.153678990408153,36.47484789815294,21.276562618682945,46.44810174583348,40.462305184893516,40.55753305819006,47.88433713536267
42,28.563250289962788,46.379395904418594,31.64433067664305,31.153678990408153,36.47484789815294,21.276562618682945,46.44810174583348,40.462305184893516,40.55753305819006,47.88433713536267
43,28.563250289962788,46.379395904418594,31.64433067664305,31.153678990408153,36.47484789815294,38.90260864490777,46.44810174583348,40.462305184893516,40.55753305819006,47.88433713536267
44,28.563250289962788,46.379395904418594,31.64433067664305,31.153678990408153,36.47484789815294,38.90260864490777,46.44810174583348,27.623330307105046,40.55753305819006,47.88433713536267
45,28.563250289962788,46.379395904418594,31.64433067664305,31.153678990408153,36.47484789815294,38.90260864490777,46.44810174583348,27.623330307105046,40.55753305819006,47.88433713536267
46,28.563250289962788,46.379395904418594,31.64433067664305,31.153678990408153,36.47484789815294,38.90260864490777,46.44810174583348,27.623330307105046,40.55753305819006,47.88433713536267
47,28.563250289962788,46.379395904418594,31.64433067664305,31.153678990408153,36.47484789815294,38.90260864490777,46.44810174583348,27.623330307105046,40.55753305819006,47.88433713536267
48,28.563250289962788,46.379395904418594,31.64433067664305,31.153678990408153,36.47484789815294,38.90260864490777,46.44810174583348,27.623330307105046,40.55753305819006,47.88433713536267
49,28.563250289962788,46.379395904418594,31.64433067664305,31.153678990408153,36.47484789815294,38.90260864490777,46.44810174583348,27.623330307105046,40.55753305819006,47.88433713536267
50,28.563250289962788,46.379395904418594,31.64433067664305,31.153678990408153,36.47484789815294,38.90260864490777,46.44810174583348,27.623330307105046,40.55753305819006,47.88433713536267
51,28.563250289962788,46.379395904418594,29.7387904177235,31.153678990408153,36.47484789815294,38.90260864490777,46.44810174583348,27.623330307105046,40.55753305819006,47.88433713536267
52,28.563250289962788,46.379395904418594,29.7387904177235,31.153678990408153,36.47484789815294,38.90260864490777,46.44810174583348,27.623330307105046,40.55753305819006,47.88433713536267
53,28.563250289962788,46.379395904418594,29.7387904177235,31.153678990408153,36.47484789815294,38.90260864490777,46.44810174583348,27.623330307105046,40.55753305819006,47.88433713536267
54,28.563250289962788,46.379395904418594,29.7387904177235,31.153678990408153,36.47484789815294,38.90260864490777,46.44810174583348,27.623330307105046,40.55753305819006,47.88433713536267
55,28.563250289962788,46.379395904418594,29.7387904177235,40.800674132805575,36.47484789815294,38.90260864490777,46.44810174583348,39.46758576726843,40.55753305819006,47.88433713536267
56,54.4067921559518,46.379395904418594,29.7387904177235,40.800674132805575,36.47484789815294,38.90260864490777,46.44810174583348,39.46758576726843,40.55753305819006,47.88433713536267
57,54.4067921559518,46.379395904418594,29.7387904177235,40.800674132805575,36.47484789815294,38.90260864490777,46.44810174583348,39.46758576726843,40.55753305819006,47.88433713536267
58,54.4067921559518,46.379395904418594,29.7387904177235,54.662273910584084,36.47484789815294,38.90260864490777,46.44810174583348,39.46758576726843,40.55753305819006,47.88433713536267
59,54.4067921559518,46.379395904418594,29.7387904177235,54.662273910584084,36.47484789815294,38.90260864490777,46.44810174583348,39.46758576726843,40.55753305819006,47.88433713536267
60,54.4067921559518,46.379395904418594,29.7387904177235,54.662273910584084,36.47484789815294,38.90260864490777,36.160139771095984,39.46758576726843,40.55753305819006,47.88433713536267
61,54.4067921559518,46.379395904418594,29.7387904177235,54.662273910584084,36.47484789815294,38.90260864490777,32.35149465521323,39.46758576726843,40.55753305819006,47.88433713536267
62,54.4067921559518,36.10890824772881,29.7387904177235,54.662273910584084,36.47484789815294,38.90260864490777,32.35149465521323,39.46758576726843,40.55753305819006,47.88433713536267
63,54.4067921559518,48.207279277369935,29.7387904177235,54.662273910584084,36.47484789815294,38.90260864490777,32.35149465521323,34.87564312000682,40.55753305819006,47.88433713536267
64,54.4067921559518,48.207279277369935,29.7387904177235,54.662273910584084,36.47484789815294,38.90260864490777,32.35149465521323,34.87564312000682,40.55753305819006,47.88433713536267
65,54.4067921559518,48.207279277369935,29.7387904177235,54.662273910584084,36.47484789815294,38.90260864490777,32.35149465521323,34.87564312000682,40.55753305819006,31.732418156879
66,54.4067921559518,48.207279277369935,29.7387904177235,54.662273910584084,36.47484789815294,38.90260864490777,32.35149465521323,34.87564312000682,40.55753305819006,31.732418156879
67,54.4067921559518,48.207279277369935,29.7387904177235,54.662273910584084,36.47484789815294,38.90260864490777,32.35149465521323,34.87564312000682,57.461267571768445,31.732418156879
68,54.4067921559518,48.207279277369935,29.7387904177235,54.662273910584084,36.47484789815294,38.90260864490777,32.35149465521323,34.87564312000682,57.461267571768445,31.732418156879
69,54.4067921559518,48.207279277369935,29.7387904177235,54.662273910584084,36.47484789815294,38.90260864490777,32.35149465521323,34.87564312000682,57.461267571768445,31.732418156879
70,54.4067921559518,48.207279277369935,29.7387904177235,54.662273910584084,36.47484789815294,38.90260864490777,32.35149465521323,34.87564312000682,57.461267571768445,31.732418156879
71,54.4067921559518,48.207279277369935,29.7387904177235,54.662273910584084,36.47484789815294,38.90260864490777,32.35149465521323,34.87564312000682,57.461267571768445,31.732418156879
72,54.4067921559518,48.207279277369935,29.7387904177235,54.662273910584084,36.47484789815294,38.90260864490777,32.35149465521323,34.87564312000682,57.461267571768445,43.326696149489
73,54.4067921559518,48.207279277369935,29.7387904177235,54.662273910584084,36.47484789815294,38.90260864490777,32.35149465521323,34.87564312000682,57.461267571768445,43.326696149489
74,54.4067921559518,48.207279277369935,29.7387904177235,54.662273910584084,36.47484789815294,38.90260864490777,32.35149465521323,34.87564312000682,33.440015326000726,43.326696149489
75,54.4067921559518,48.207279277369935,29.7387904177235,54.662273910584084,36.47484789815294,27.793570822841307,32.35149465521323,34.87564312000682,33.440015326000726,43.326696149489
76,54.4067921559518,48.207279277369935,29.7387904177235,54.662273910584084,36.47484789815294,27.793570822841307,32.35149465521323,34.87564312000682,33.440015326000726,43.326696149489
77,54.4067921559518,48.207279277369935,29.7387904177235,54.662273910584084,36.47484789815294,27.793570822841307,32.35149465521323,34.87564312000682,33.440015326000726,43.326696149489
78,56.89264811891014,48.207279277369935,29.7387904177235,54.662273910584084,36.47484789815294,35.175208138276005,32.35149465521323,34.87564312000682,33.440015326000726,43.326696149489
79,56.89264811891014,48.207279277369935,29.7387904177235,54.662273910584084,36.47484789815294,35.175208138276005,32.35149465521323,34.87564312000682,33.440015326000726,43.326696149489
80,56.89264811891014,48.207279277369935,29.7387904177235,54.662273910584084,36.47484789815294,35.175208138276005,32.35149465521323,34.87564312000682,33.440015326000726,43.326696149489
81,56.89264811891014,48.207279277369935,29.7387904177235,54.662273910584084,36.47484789815294,35.175208138276005,32.35149465521323,34.87564312000682,33.440015326000726,43.326696149489
82,56.89264811891014,48.207279277369935,29.7387904177235,54.662273910584084,36.47484789815294,35.175208138276005,32.35149465521323,34.87564312000682,33.440015326000726,43.326696149489
83,56.89264811891014,48.207279277369935,29.7387904177235,54.662273910584084,36.47484789815294,35.175208138276005,32.35149465521323,34.87564312000682,33.440015326000726,43.326696149489
84,56.89264811891014,48.207279277369935,29.7387904177235,54.662273910584084,36.47484789815294,35.175208138276005,32.35149465521323,34.87564312000682,33.440015326000726,43.326696149489
85,56.89264811891014,48.207279277369935,29.7387904177235,54.662273910584084,36.47484789815294,35.175208138276005,32.35149465521323,34.87564312000682,33.440015326000726,43.326696149489
86,56.89264811891014,48.207279277369935,29.7387904177235,54.662273910584084,36.47484789815294,35.175208138276005,32.35149465521323,34.87564312000682,33.440015326000726,43.326696149489
87,56.89264811891014,48.207279277369935,29.7387904177235,54.662273910584084,36.47484789815294,35.175208138276005,32.35149465521323,34.87564312000682,33.440015326000726,43.326696149489
88,56.89264811891014,48.207279277369935,29.7387904177235,54.662273910584084,39.62928216616305,35.175208138276005,32.35149465521323,34.87564312000682,33.440015326000726,43.326696149489
89,56.89264811891014,48.207279277369935,29.7387904177235,54.662273910584084,39.62928216616305,35.175208138276005,32.35149465521323,34.87564312000682,33.440015326000726,43.326696149489
90,56.89264811891014,48.207279277369935,29.7387904177235,54.662273910584084,39.62928216616305,35.175208138276005,32.35149465521323,34.87564312000682,33.440015326000726,43.326696149489
91,56.89264811891014,48.207279277369935,29.7387904177235,54.662273910584084,39.62928216616305,35.175208138276005,32.35149465521323,34.87564312000682,33.440015326000726,43.326696149489
92,56.89264811891014,48.207279277369935,29.7387904177235,54.662273910584084,39.62928216616305,35.175208138276005,32.35149465521323,34.87564312000682,33.440015326000726,43.326696149489
93,56.89264811891014,48.207279277369935,56.5749656605962,54.662273910584084,39.62928216616305,35.175208138276005,32.35149465521323,34.87564312000682,33.440015326000726,43.326696149489
94,56.89264811891014,48.207279277369935,56.5749656605962,54.662273910584084,39.62928216616305,35.175208138276005,32.35149465521323,34.87564312000682,33.440015326000726,43.326696149489
95,56.89264811891014,48.207279277369935,56.5749656605962,54.662273910584084,39.62928216616305,35.175208138276005,32.35149465521323,34.87564312000682,33.440015326000726,43.326696149489
96,56.89264811891014,48.207279277369935,56.5749656605962,54.662273910584084,39.62928216616305,31.142373908761456,32.35149465521323,34.87564312000682,33.440015326000726,43.326696149489
97,56.89264811891014,48.207279277369935,56.5749656605962,54.662273910584084,39.62928216616305,31.142373908761456,32.35149465521323,34.87564312000682,33.440015326000726,43.326696149489
98,56.89264811891014,48.207279277369935,56.5749656605962,54.662273910584084,39.62928216616305,31.142373908761456,32.35149465521323,34.87564312000682,33.440015326000726,43.326696149489
99,56.89264811891014,48.207279277369935,56.5749656605962,54.662273910584084,39.62928216616305,31.142373908761456,32.35149465521323,34.87564312000682,33.440015326000726,43.326696149489
100,56.89264811891014,48.207279277369935,56.5749656605962,54.662273910584084,39.62928216616305,31.142373908761456,32.35149465521323,43.886970393444216,33.440015326000726,43.326696149489
101,56.89264811891014,48.207279277369935,56.5749656605962,54.662273910584084,39.62928216616305,31.142373908761456,32.35149465521323,43.886970393444216,33.440015326000726,43.326696149489
102,56.89264811891014,48.207279277369935,56.5749656605962,54.662273910584084,39.62928216616305,31.142373908761456,32.35149465521323,43.886970393444216,33.440015326000726,43.326696149489
103,56.89264811891014,48.207279277369935,56.5749656605962,54.662273910584084,39.62928216616305,31.142373908761456,32.35149465521323,43.886970393444216,33.440015326000726,43.326696149489
104,56.89264811891014,48.207279277369935,56.5749656605962,54.662273910584084,39.62928216616305,31.142373908761456,32.35149465521323,43.886970393444216,33.440015326000726,43.326696149489
105,56.89264811891014,48.207279277369935,56.5749656605962,54.662273910584084,39.62928216616305,31.142373908761456,32.35149465521323,43.886970393444216,33.440015326000726,43.326696149489
106,56.89264811891014,48.207279277369935,56.5749656605962,54.662273910584084,39.62928216616305,31.142373908761456,32.35149465521323,43.886970393444216,33.440015326000726,43.326696149489
107,56.89264811891014,48.207279277369935,56.5749656605962,54.662273910584084,39.62928216616305,31.142373908761456,32.35149465521323,43.886970393444216,33.440015326000726,43.326696149489
108,56.89264811891014,48.207279277369935,56.5749656605962,54.662273910584084,39.62928216616305,31.142373908761456,69.54358374508902,43.886970393444216,33.440015326000726,43.326696149489
109,56.89264811891014,48.207279277369935,56.5749656605962,54.662273910584084,39.62928216616305,46.898761175657,69.54358374508902,43.886970393444216,33.440015326000726,43.326696149489
110,56.89264811891014,48.207279277369935,35.94736492449492,54.662273910584084,39.62928216616305,46.898761175657,69.54358374508902,43.886970393444216,33.440015326000726,43.326696149489
111,56.89264811891014,48.207279277369935,35.94736492449492,54.662273910584084,39.62928216616305,46.898761175657,69.54358374508902,43.886970393444216,33.440015326000726,43.326696149489
112,56.89264811891014,48.207279277369935,35.94736492449492,54.662273910584084,39.62928216616305,46.898761175657,69.54358374508902,43.886970393444216,33.440015326000726,43.326696149489
113,56.89264811891014,48.207279277369935,35.94736492449492,54.662273910584084,39.62928216616305,46.898761175657,69.54358374508902,43.886970393444216,33.440015326000726,43.326696149489
114,56.89264811891014,48.207279277369935,35.94736492449492,54.662273910584084,39.62928216616305,46.898761175657,69.54358374508902,43.886970393444216,33.440015326000726,43.326696149489
115,56.89264811891014,48.207279277369935,35.94736492449492,54.662273910584084,39.62928216616305,46.898761175657,69.54358374508902,43.886970393444216,33.440015326000726,43.326696149489
116,56.89264811891014,48.207279277369935,35.94736492449492,54.662273910584084,39.62928216616305,46.898761175657,69.54358374508902,43.886970393444216,47.78473304664475,43.326696149489
117,56.89264811891014,48.207279277369935,35.94736492449492,33.40039544933418,39.62928216616305,46.898761175657,69.54358374508902,32.042714933280834,47.78473304664475,43.326696149489
118,56.89264811891014,48.207279277369935,35.94736492449492,33.40039544933418,39.62928216616305,46.898761175657,69.54358374508902,60.26135264035097,47.78473304664475,43.326696149489
119,56.89264811891014,48.207279277369935,35.94736492449492,33.40039544933418,39.62928216616305,46.898761175657,69.54358374508902,60.26135264035097,47.78473304664475,43.326696149489
120,56.89264811891014,48.207279277369935,35.94736492449492,51.05276026087543,39.62928216616305,46.898761175657,69.54358374508902,60.26135264035097,47.78473304664475,43.326696149489
121,66.90070141808896,48.207279277369935,35.94736492449492,51.05276026087543,39.62928216616305,46.898761175657,69.54358374508902,60.26135264035097,47.78473304664475,43.326696149489
122,66.90070141808896,48.207279277369935,35.94736492449492,51.05276026087543,39.62928216616305,46.898761175657,69.54358374508902,60.26135264035097,47.78473304664475,43.326696149489
123,66.90070141808896,48.207279277369935,35.94736492449492,60.19000203911109,39.62928216616305,46.898761175657,69.54358374508902,60.26135264035097,47.78473304664475,43.326696149489
124,66.90070141808896,56.13260325377926,35.94736492449492,60.19000203911109,39.62928216616305,46.898761175657,37.19208908987579,60.26135264035097,47.78473304664475,43.326696149489
125,66.90070141808896,56.13260325377926,35.94736492449492,60.19000203911109,39.62928216616305,46.898761175657,37.19208908987579,60.26135264035097,47.78473304664475,43.326696149489
126,66.90070141808896,44.8325817702873,35.94736492449492,60.19000203911109,39.62928216616305,46.898761175657,37.19208908987579,43.97820464025214,47.78473304664475,43.326696149489
127,66.90070141808896,44.8325817702873,35.94736492449492,60.19000203911109,39.62928216616305,46.898761175657,37.19208908987579,43.97820464025214,47.78473304664475,43.326696149489
128,66.90070141808896,44.8325817702873,35.94736492449492,60.19000203911109,39.62928216616305,46.898761175657,37.19208908987579,43.97820464025214,47.78473304664475,43.326696149489
129,66.90070141808896,44.8325817702873,35.94736492449492,60.19000203911109,39.62928216616305,46.898761175657,37.19208908987579,43.97820464025214,47.78473304664475,43.326696149489
130,66.90070141808896,44.8325817702873,35.94736492449492,60.19000203911109,39.62928216616305,46.898761175657,37.19208908987579,43.97820464025214,47.78473304664475,43.326696149489
131,66.90070141808896,44.8325817702873,35.94736492449492,60.19000203911109,39.62928216616305,46.898761175657,37.19208908987579,43.97820464025214,47.78473304664475,43.326696149489
132,66.90070141808896,44.8325817702873,35.94736492449492,60.19000203911109,39.62928216616305,46.898761175657,37.19208908987579,43.97820464025214,47.78473304664475,43.326696149489
133,66.90070141808896,44.8325817702873,35.94736492449492,60.19000203911109,39.62928216616305,46.898761175657,37.19208908987579,43.97820464025214,47.78473304664475,55.56849269424511
134,66.90070141808896,44.8325817702873,35.94736492449492,60.19000203911109,39.62928216616305,46.898761175657,37.19208908987579,43.97820464025214,47.78473304664475,55.56849269424511
135,66.90070141808896,44.8325817702873,35.94736492449492,60.19000203911109,39.62928216616305,46.898761175657,37.19208908987579,43.97820464025214,47.78473304664475,55.56849269424511
136,66.90070141808896,44.8325817702873,35.94736492449492,60.19000203911109,39.62928216616305,46.898761175657,37.19208908987579,43.97820464025214,47.78473304664475,55.56849269424511
137,66.90070141808896,44.8325817702873,35.94736492449492,60.19000203911109,39.62928216616305,46.898761175657,37.19208908987579,43.97820464025214,47.78473304664475,55.56849269424511
138,66.90070141808896,44.8325817702873,35.94736492449492,60.19000203911109,39.62928216616305,46.898761175657,37.19208908987579,43.97820464025214,47.78473304664475,55.56849269424511
139,66.90070141808896,44.8325817702873,35.94736492449492,60.19000203911109,39.62928216616305,47.00813738851612,37.19208908987579,43.97820464025214,47.78473304664475,55.56849269424511
140,35.851595165167836,44.8325817702873,35.94736492449492,60.19000203911109,39.62928216616305,47.00813738851612,37.19208908987579,43.97820464025214,47.78473304664475,55.56849269424511
141,35.851595165167836,44.8325817702873,35.94736492449492,60.19000203911109,39.62928216616305,47.00813738851612,37.19208908987579,43.97820464025214,47.78473304664475,55.56849269424511
142,35.851595165167836,44.8325817702873,35.94736492449492,60.19000203911109,64.51229334832897,47.00813738851612,37.19208908987579,43.97820464025214,47.78473304664475,55.56849269424511
143,35.851595165167836,44.8325817702873,35.94736492449492,60.19000203911109,59.19908553571813,47.00813738851612,37.19208908987579,43.97820464025214,47.78473304664475,55.56849269424511
144,35.851595165167836,44.8325817702873,35.94736492449492,60.19000203911109,59.19908553571813,47.00813738851612,37.19208908987579,43.97820464025214,47.78473304664475,55.56849269424511
145,35.851595165167836,44.8325817702873,35.94736492449492,60.19000203911109,59.19908553571813,47.00813738851612,37.19208908987579,43.97820464025214,47.78473304664475,55.56849269424511
146,35.851595165167836,44.8325817702873,35.94736492449492,60.19000203911109,59.19908553571813,47.00813738851612,37.19208908987579,43.97820464025214,47.78473304664475,55.56849269424511
147,35.851595165167836,44.8325817702873,35.94736492449492,60.19000203911109,59.19908553571813,47.00813738851612,37.19208908987579,43.97820464025214,47.78473304664475,55.56849269424511
148,35.851595165167836,44.8325817702873,35.94736492449492,60.19000203911109,59.19908553571813,47.00813738851612,37.19208908987579,43.97820464025214,47.78473304664475,55.56849269424511
149,59.92134269063879,44.8325817702873,50.17757304758827,60.19000203911109,59.19908553571813,47.00813738851612,37.19208908987579,43.97820464025214,47.78473304664475,55.56849269424511
150,59.92134269063879,44.8325817702873,63.34886445885826,60.19000203911109,59.19908553571813,47.00813738851612,37.19208908987579,43.97820464025214,47.78473304664475,55.56849269424511
151,59.92134269063879,44.8325817702873,63.34886445885826,60.19000203911109,59.19908553571813,47.00813738851612,37.19208908987579,43.97820464025214,47.78473304664475,55.56849269424511
152,59.92134269063879,44.8325817702873,63.34886445885826,60.19000203911109,59.19908553571813,47.6505920041584,37.19208908987579,43.97820464025214,47.78473304664475,55.56849269424511
153,59.92134269063879,44.8325817702873,63.34886445885826,60.19000203911109,59.19908553571813,47.6505920041584,37.19208908987579,43.97820464025214,47.78473304664475,55.56849269424511
154,59.92134269063879,44.8325817702873,63.34886445885826,60.19000203911109,59.19908553571813,47.6505920041584,37.19208908987579,43.97820464025214,47.78473304664475,55.56849269424511
155,59.92134269063879,44.8325817702873,63.34886445885826,60.19000203911109,59.19908553571813,47.6505920041584,37.19208908987579,43.97820464025214,47.78473304664475,55.56849269424511
156,59.92134269063879,44.8325817702873,63.34886445885826,60.19000203911109,59.19908553571813,31.894204737262857,37.19208908987579,43.97820464025214,47.78473304664475,55.56849269424511
157,59.92134269063879,44.8325817702873,63.34886445885826,60.19000203911109,59.19908553571813,64.48052349305013,37.19208908987579,42.48723637738953,47.78473304664475,55.56849269424511
158,59.92134269063879,44.8325817702873,63.34886445885826,60.19000203911109,59.19908553571813,64.48052349305013,37.19208908987579,42.48723637738953,47.78473304664475,55.56849269424511
159,59.92134269063879,44.8325817702873,63.34886445885826,60.19000203911109,59.19908553571813,64.48052349305013,37.19208908987579,42.48723637738953,47.78473304664475,55.56849269424511
160,59.92134269063879,44.8325817702873,63.34886445885826,60.19000203911109,59.19908553571813,64.48052349305013,37.19208908987579,42.48723637738953,47.78473304664475,55.56849269424511
161,59.92134269063879,44.8325817702873,63.34886445885826,60.19000203911109,59.19908553571813,64.48052349305013,37.19208908987579,42.48723637738953,47.78473304664475,55.56849269424511
162,59.92134269063879,44.8325817702873,63.34886445885826,60.19000203911109,59.19908553571813,64.48052349305013,37.19208908987579,42.48723637738953,47.78473304664475,55.56849269424511
163,59.92134269063879,44.8325817702873,63.34886445885826,60.19000203911109,59.19908553571813,64.48052349305013,37.19208908987579,42.48723637738953,47.78473304664475,55.56849269424511
164,59.92134269063879,44.8325817702873,63.34886445885826,60.19000203911109,59.19908553571813,64.48052349305013,37.19208908987579,42.48723637738953,47.78473304664475,55.56849269424511
165,59.92134269063879,44.8325817702873,63.34886445885826,60.19000203911109,59.19908553571813,64.48052349305013,37.19208908987579,42.48723637738953,47.78473304664475,55.56849269424511
166,59.92134269063879,44.8325817702873,63.34886445885826,60.19000203911109,59.19908553571813,64.48052349305013,37.19208908987579,42.48723637738953,47.78473304664475,55.56849269424511
167,59.92134269063879,44.8325817702873,63.34886445885826,60.19000203911109,59.19908553571813,64.48052349305013,37.19208908987579,42.48723637738953,47.78473304664475,55.56849269424511
168,59.92134269063879,44.8325817702873,63.34886445885826,60.19000203911109,59.19908553571813,64.48052349305013,59.00778622765898,42.48723637738953,47.78473304664475,55.56849269424511
169,59.92134269063879,44.8325817702873,63.34886445885826,60.19000203911109,59.19908553571813,64.48052349305013,46.22035761569345,42.48723637738953,47.78473304664475,55.56849269424511
170,59.92134269063879,44.8325817702873,54.23767477723603,60.19000203911109,59.19908553571813,64.48052349305013,46.22035761569345,42.48723637738953,47.78473304664475,55.56849269424511
171,59.92134269063879,44.8325817702873,54.23767477723603,60.19000203911109,59.19908553571813,46.82198516813983,46.22035761569345,42.48723637738953,47.78473304664475,55.56849269424511
172,59.92134269063879,44.8325817702873,54.23767477723603,60.19000203911109,59.19908553571813,46.82198516813983,46.22035761569345,42.48723637738953,47.67999738432791,55.56849269424511
173,59.92134269063879,44.8325817702873,54.23767477723603,42.53763722756985,59.19908553571813,46.82198516813983,46.22035761569345,42.48723637738953,47.67999738432791,55.56849269424511
174,59.92134269063879,44.8325817702873,54.23767477723603,42.53763722756985,59.19908553571813,46.82198516813983,46.22035761569345,42.48723637738953,47.67999738432791,55.56849269424511
175,59.92134269063879,44.8325817702873,54.23767477723603,42.53763722756985,59.19908553571813,46.82198516813983,46.22035761569345,42.48723637738953,47.67999738432791,41.735501893440976
176,59.92134269063879,44.8325817702873,54.23767477723603,42.53763722756985,59.19908553571813,46.82198516813983,46.22035761569345,42.48723637738953,47.67999738432791,41.735501893440976
177,59.92134269063879,44.8325817702873,54.23767477723603,42.53763722756985,59.19908553571813,46.82198516813983,46.22035761569345,14.268598670319395,47.67999738432791,41.735501893440976
178,59.92134269063879,44.8325817702873,54.23767477723603,42.53763722756985,59.19908553571813,46.82198516813983,46.22035761569345,38.27589491601618,46.49711999173451,41.735501893440976
179,59.92134269063879,21.46958387865684,54.23767477723603,42.53763722756985,59.19908553571813,46.82198516813983,46.22035761569345,38.27589491601618,46.49711999173451,41.735501893440976
180,59.92134269063879,38.267190330808624,54.23767477723603,42.53763722756985,59.19908553571813,46.82198516813983,46.22035761569345,38.27589491601618,46.49711999173451,41.735501893440976
181,59.92134269063879,38.267190330808624,54.23767477723603,50.010152373022976,59.19908553571813,46.82198516813983,46.22035761569345,38.27589491601618,46.49711999173451,41.735501893440976
182,59.92134269063879,38.267190330808624,54.23767477723603,50.010152373022976,59.19908553571813,46.82198516813983,46.22035761569345,38.27589491601618,46.49711999173451,41.735501893440976
183,52.95839844585542,38.267190330808624,54.23767477723603,50.010152373022976,59.19908553571813,46.82198516813983,46.22035761569345,38.27589491601618,46.49711999173451,41.735501893440976
184,52.95839844585542,38.267190330808624,54.23767477723603,50.010152373022976,59.19908553571813,46.82198516813983,46.22035761569345,38.27589491601618,46.49711999173451,41.735501893440976
185,52.95839844585542,38.267190330808624,54.23767477723603,50.010152373022976,59.19908553571813,46.82198516813983,46.22035761569345,38.27589491601618,46.49711999173451,41.735501893440976
186,52.95839844585542,38.267190330808624,54.23767477723603,43.27882409872627,59.19908553571813,46.82198516813983,46.22035761569345,38.27589491601618,46.49711999173451,46.57392783661347
187,52.95839844585542,38.267190330808624,54.23767477723603,43.27882409872627,59.19908553571813,46.82198516813983,46.22035761569345,55.87723886426369,46.49711999173451,46.57392783661347
188,52.95839844585542,37.87557245963466,54.23767477723603,43.27882409872627,59.19908553571813,46.82198516813983,46.22035761569345,55.87723886426369,46.49711999173451,46.57392783661347
189,52.95839844585542,64.02907383781815,54.23767477723603,43.27882409872627,59.19908553571813,46.82198516813983,46.22035761569345,55.87723886426369,46.49711999173451,46.57392783661347
190,52.95839844585542,60.86936743860596,54.23767477723603,43.27882409872627,59.19908553571813,46.82198516813983,46.22035761569345,55.87723886426369,46.49711999173451,46.57392783661347
191,52.95839844585542,60.86936743860596,58.187305834859934,43.27882409872627,59.19908553571813,46.82198516813983,46.22035761569345,55.87723886426369,46.49711999173451,71.28584648501712
192,52.95839844585542,60.86936743860596,58.187305834859934,43.27882409872627,59.19908553571813,46.82198516813983,46.22035761569345,55.87723886426369,46.49711999173451,48.12488140089364
193,52.95839844585542,60.86936743860596,58.187305834859934,43.27882409872627,52.91153289887429,46.82198516813983,46.22035761569345,55.87723886426369,46.49711999173451,48.12488140089364
194,52.95839844585542,60.86936743860596,58.187305834859934,43.27882409872627,52.91153289887429,46.82198516813983,46.22035761569345,55.87723886426369,46.49711999173451,48.12488140089364
195,52.95839844585542,60.86936743860596,58.187305834859934,43.27882409872627,74.43533900000557,46.82198516813983,46.22035761569345,55.87723886426369,46.49711999173451,48.12488140089364
196,52.95839844585542,60.86936743860596,58.187305834859934,43.27882409872627,74.43533900000557,46.82198516813983,46.22035761569345,55.87723886426369,46.49711999173451,48.12488140089364
197,52.95839844585542,60.86936743860596,58.187305834859934,43.27882409872627,74.43533900000557,46.82198516813983,46.22035761569345,55.87723886426369,46.49711999173451,48.12488140089364
198,52.95839844585542,60.86936743860596,58.187305834859934,43.27882409872627,74.43533900000557,46.82198516813983,46.22035761569345,55.87723886426369,46.49711999173451,48.12488140089364
199,47.311891103129994,60.86936743860596,43.95709771176659,43.27882409872627,74.43533900000557,46.82198516813983,46.22035761569345,41.6086401939443,46.49711999173451,48.12488140089364
200,47.311891103129994,60.86936743860596,43.95709771176659,43.27882409872627,74.43533900000557,46.31435940908958,46.22035761569345,41.6086401939443,46.49711999173451,48.12488140089364
201,47.311891103129994,60.86936743860596,43.95709771176659,43.27882409872627,74.43533900000557,46.31435940908958,46.22035761569345,41.6086401939443,46.49711999173451,48.12488140089364
202,47.311891103129994,60.86936743860596,43.95709771176659,43.27882409872627,74.43533900000557,46.31435940908958,46.22035761569345,41.6086401939443,46.49711999173451,48.12488140089364
203,47.311891103129994,60.86936743860596,43.95709771176659,43.27882409872627,74.43533900000557,46.31435940908958,46.22035761569345,41.6086401939443,46.49711999173451,48.12488140089364
204,47.311891103129994,60.86936743860596,43.95709771176659,43.27882409872627,74.43533900000557,46.31435940908958,46.22035761569345,41.6086401939443,46.49711999173451,48.12488140089364
205,47.311891103129994,60.86936743860596,43.95709771176659,43.27882409872627,74.43533900000557,46.31435940908958,46.22035761569345,51.89162778268864,46.49711999173451,48.12488140089364
206,47.311891103129994,60.86936743860596,45.34879410060783,43.27882409872627,74.43533900000557,52.24992456846757,46.22035761569345,51.89162778268864,46.49711999173451,48.12488140089364
207,47.311891103129994,60.86936743860596,45.34879410060783,72.1797171610223,74.43533900000557,52.24992456846757,46.22035761569345,51.89162778268864,46.49711999173451,48.12488140089364
208,47.311891103129994,60.86936743860596,45.34879410060783,72.1797171610223,74.43533900000557,52.24992456846757,46.22035761569345,51.89162778268864,46.49711999173451,48.12488140089364
209,47.311891103129994,60.86936743860596,45.34879410060783,72.1797171610223,74.43533900000557,52.24992456846757,46.22035761569345,51.89162778268864,46.49711999173451,48.12488140089364
210,47.311891103129994,60.86936743860596,45.34879410060783,72.1797171610223,74.43533900000557,52.24992456846757,46.22035761569345,51.89162778268864,46.49711999173451,48.12488140089364
211,47.311891103129994,60.86936743860596,45.34879410060783,72.1797171610223,74.43533900000557,52.24992456846757,46.22035761569345,51.89162778268864,46.49711999173451,48.12488140089364
212,47.311891103129994,60.86936743860596,45.34879410060783,72.1797171610223,74.43533900000557,52.24992456846757,46.22035761569345,51.89162778268864,46.49711999173451,48.12488140089364
213,47.311891103129994,60.86936743860596,45.34879410060783,72.1797171610223,74.43533900000557,52.24992456846757,48.8868776936155,51.89162778268864,46.49711999173451,48.12488140089364
214,47.311891103129994,60.86936743860596,45.34879410060783,72.1797171610223,74.43533900000557,52.24992456846757,48.8868776936155,51.89162778268864,46.49711999173451,48.12488140089364
215,47.311891103129994,60.86936743860596,76.59211239277202,72.1797171610223,74.43533900000557,52.24992456846757,48.8868776936155,51.89162778268864,46.49711999173451,48.12488140089364
216,47.311891103129994,60.86936743860596,76.59211239277202,72.1797171610223,74.43533900000557,52.24992456846757,48.8868776936155,63.179181376022534,55.807340398311226,19.237569120807596
217,47.311891103129994,60.86936743860596,76.59211239277202,72.1797171610223,74.43533900000557,52.24992456846757,50.542600254107526,63.179181376022534,55.807340398311226,61.32728154718751
218,47.311891103129994,60.86936743860596,76.59211239277202,72.1797171610223,74.43533900000557,52.24992456846757,50.542600254107526,48.28267838340426,55.807340398311226,61.32728154718751
219,48.2118826071503,60.86936743860596,76.59211239277202,72.1797171610223,74.43533900000557,52.24992456846757,50.542600254107526,48.28267838340426,55.807340398311226,46.92813836955242
220,48.2118826071503,60.86936743860596,76.59211239277202,72.1797171610223,74.43533900000557,52.24992456846757,50.542600254107526,48.28267838340426,55.807340398311226,46.92813836955242
221,48.2118826071503,60.86936743860596,76.59211239277202,72.1797171610223,74.43533900000557,52.24992456846757,50.542600254107526,39.171885130325755,55.807340398311226,46.92813836955242
222,48.2118826071503,60.86936743860596,76.59211239277202,72.1797171610223,74.43533900000557,52.24992456846757,50.542600254107526,54.786476884424914,55.807340398311226,46.92813836955242
223,48.2118826071503,60.86936743860596,76.59211239277202,72.1797171610223,74.43533900000557,52.24992456846757,50.542600254107526,54.786476884424914,55.807340398311226,46.92813836955242
224,48.2118826071503,60.86936743860596,76.59211239277202,72.1797171610223,74.43533900000557,52.24992456846757,50.542600254107526,54.786476884424914,51.740262876042806,46.92813836955242
225,48.2118826071503,46.38622304754368,76.59211239277202,72.1797171610223,74.43533900000557,52.24992456846757,50.542600254107526,54.786476884424914,51.740262876042806,46.92813836955242
226,48.2118826071503,46.38622304754368,76.59211239277202,72.1797171610223,74.43533900000557,52.24992456846757,50.542600254107526,54.786476884424914,51.740262876042806,46.92813836955242
227,48.2118826071503,70.49068142574886,76.59211239277202,72.1797171610223,74.43533900000557,52.24992456846757,50.542600254107526,54.786476884424914,51.740262876042806,46.92813836955242
228,48.2118826071503,70.49068142574886,76.59211239277202,72.1797171610223,74.43533900000557,52.24992456846757,50.542600254107526,54.786476884424914,51.740262876042806,46.92813836955242
229,48.2118826071503,70.49068142574886,76.59211239277202,72.1797171610223,74.43533900000557,52.24992456846757,50.542600254107526,54.786476884424914,51.740262876042806,46.92813836955242
230,48.2118826071503,70.49068142574886,76.59211239277202,72.1797171610223,74.43533900000557,52.24992456846757,50.542600254107526,54.786476884424914,51.740262876042806,46.92813836955242
231,48.2118826071503,70.49068142574886,76.59211239277202,72.1797171610223,74.43533900000557,52.24992456846757,50.542600254107526,54.786476884424914,51.740262876042806,46.92813836955242
232,48.2118826071503,70.49068142574886,76.59211239277202,54.171087946029544,74.43533900000557,52.24992456846757,50.542600254107526,54.786476884424914,51.740262876042806,46.92813836955242
233,48.2118826071503,70.49068142574886,76.59211239277202,54.171087946029544,74.43533900000557,52.24992456846757,50.542600254107526,54.786476884424914,51.740262876042806,46.92813836955242
234,48.2118826071503,70.49068142574886,76.59211239277202,54.171087946029544,74.43533900000557,52.24992456846757,50.542600254107526,54.786476884424914,51.740262876042806,46.92813836955242
235,48.2118826071503,70.49068142574886,76.59211239277202,53.66406761496232,74.43533900000557,52.24992456846757,50.542600254107526,54.786476884424914,51.740262876042806,46.92813836955242
236,48.2118826071503,70.49068142574886,76.59211239277202,53.66406761496232,74.43533900000557,52.24992456846757,50.542600254107526,54.786476884424914,51.740262876042806,46.92813836955242
237,48.2118826071503,70.49068142574886,76.59211239277202,53.66406761496232,74.43533900000557,52.24992456846757,50.542600254107526,54.786476884424914,51.740262876042806,46.92813836955242
238,48.2118826071503,70.49068142574886,76.59211239277202,53.66406761496232,74.43533900000557,52.24992456846757,50.542600254107526,54.786476884424914,51.740262876042806,46.92813836955242
239,48.2118826071503,70.49068142574886,76.59211239277202,53.66406761496232,74.43533900000557,52.24992456846757,50.542600254107526,54.786476884424914,51.740262876042806,46.92813836955242
240,48.2118826071503,70.49068142574886,76.59211239277202,53.66406761496232,74.43533900000557,52.24992456846757,50.542600254107526,54.786476884424914,51.740262876042806,46.92813836955242
241,48.2118826071503,70.49068142574886,76.59211239277202,53.66406761496232,74.43533900000557,52.24992456846757,50.542600254107526,54.786476884424914,51.740262876042806,46.92813836955242
242,48.2118826071503,70.49068142574886,76.59211239277202,53.66406761496232,74.43533900000557,52.24992456846757,50.542600254107526,53.69191883464438,51.740262876042806,46.92813836955242
243,48.2118826071503,57.396819670347675,60.38062233611387,53.66406761496232,52.84789707688665,52.24992456846757,50.542600254107526,53.69191883464438,51.740262876042806,46.92813836955242
244,48.2118826071503,57.396819670347675,60.38062233611387,53.66406761496232,52.84789707688665,52.24992456846757,50.542600254107526,53.69191883464438,51.740262876042806,46.92813836955242
245,48.2118826071503,57.396819670347675,60.38062233611387,53.66406761496232,52.84789707688665,61.21564825008166,50.542600254107526,53.69191883464438,51.740262876042806,46.92813836955242
246,48.2118826071503,48.209875502755324,60.38062233611387,53.66406761496232,52.84789707688665,61.21564825008166,50.542600254107526,53.69191883464438,51.740262876042806,46.92813836955242
247,48.2118826071503,48.209875502755324,60.38062233611387,53.66406761496232,52.84789707688665,61.21564825008166,50.542600254107526,53.69191883464438,51.740262876042806,46.92813836955242
248,48.2118826071503,48.209875502755324,60.38062233611387,53.66406761496232,61.762717611453006,61.21564825008166,50.542600254107526,53.69191883464438,51.740262876042806,46.92813836955242
249,48.2118826071503,48.209875502755324,60.38062233611387,53.66406761496232,61.762717611453006,61.21564825008166,50.542600254107526,53.69191883464438,51.740262876042806,46.92813836955242
250,48.2118826071503,48.209875502755324,60.38062233611387,53.66406761496232,61.762717611453006,61.21564825008166,50.542600254107526,53.69191883464438,51.740262876042806,76.75088709884413
251,48.2118826071503,48.209875502755324,60.38062233611387,53.66406761496232,61.762717611453006,61.21564825008166,50.542600254107526,53.69191883464438,51.740262876042806,76.75088709884413
252,48.2118826071503,48.209875502755324,60.38062233611387,53.66406761496232,59.591687623098274,61.21564825008166,50.542600254107526,53.69191883464438,51.740262876042806,76.75088709884413
253,78.0362185813673,48.209875502755324,60.38062233611387,53.66406761496232,59.591687623098274,61.21564825008166,50.542600254107526,53.69191883464438,51.740262876042806,76.75088709884413
254,78.0362185813673,78.01689002265316,60.38062233611387,53.66406761496232,59.591687623098274,61.21564825008166,50.542600254107526,53.69191883464438,51.740262876042806,76.75088709884413
255,78.0362185813673,78.01689002265316,60.38062233611387,53.66406761496232,59.591687623098274,61.21564825008166,50.542600254107526,53.69191883464438,51.740262876042806,76.75088709884413
256,78.0362185813673,78.01689002265316,60.38062233611387,53.66406761496232,59.591687623098274,61.21564825008166,50.542600254107526,53.69191883464438,51.740262876042806,76.75088709884413
257,78.0362185813673,78.01689002265316,60.38062233611387,53.66406761496232,59.591687623098274,61.21564825008166,50.542600254107526,53.69191883464438,51.740262876042806,76.75088709884413
258,78.0362185813673,78.01689002265316,60.38062233611387,53.66406761496232,59.591687623098274,61.21564825008166,50.542600254107526,53.69191883464438,51.740262876042806,76.75088709884413
259,78.0362185813673,78.01689002265316,60.38062233611387,53.66406761496232,59.591687623098274,61.21564825008166,50.542600254107526,53.69191883464438,51.740262876042806,76.75088709884413
260,78.0362185813673,78.01689002265316,60.38062233611387,53.66406761496232,59.591687623098274,61.21564825008166,50.542600254107526,53.69191883464438,51.740262876042806,76.75088709884413
261,78.0362185813673,78.01689002265316,60.38062233611387,53.66406761496232,59.591687623098274,61.21564825008166,50.542600254107526,53.69191883464438,51.740262876042806,76.75088709884413
262,59.61297839862177,78.01689002265316,60.38062233611387,53.66406761496232,59.591687623098274,61.21564825008166,50.542600254107526,53.69191883464438,51.740262876042806,76.75088709884413
263,59.61297839862177,78.01689002265316,60.38062233611387,53.66406761496232,59.591687623098274,61.21564825008166,50.542600254107526,53.69191883464438,51.740262876042806,76.75088709884413
264,59.61297839862177,78.01689002265316,60.38062233611387,53.66406761496232,59.591687623098274,47.48760759677934,50.542600254107526,53.69191883464438,51.740262876042806,76.75088709884413
265,59.61297839862177,78.01689002265316,60.38062233611387,53.66406761496232,59.591687623098274,47.48760759677934,50.542600254107526,53.69191883464438,51.740262876042806,76.75088709884413
266,59.61297839862177,78.01689002265316,60.38062233611387,53.66406761496232,59.591687623098274,47.48760759677934,50.542600254107526,53.69191883464438,51.740262876042806,76.75088709884413
267,59.61297839862177,78.01689002265316,60.38062233611387,53.66406761496232,59.591687623098274,47.48760759677934,50.542600254107526,53.69191883464438,51.740262876042806,76.75088709884413
268,59.61297839862177,78.01689002265316,60.38062233611387,53.66406761496232,59.591687623098274,47.48760759677934,50.542600254107526,53.69191883464438,51.740262876042806,76.75088709884413
269,59.61297839862177,78.01689002265316,60.38062233611387,53.66406761496232,59.591687623098274,47.48760759677934,50.542600254107526,53.69191883464438,51.740262876042806,76.75088709884413
270,59.61297839862177,78.01689002265316,76.6598940806626,53.66406761496232,59.591687623098274,47.48760759677934,50.542600254107526,53.69191883464438,51.740262876042806,76.75088709884413
271,59.61297839862177,78.01689002265316,76.6598940806626,53.66406761496232,59.591687623098274,47.48760759677934,50.542600254107526,53.69191883464438,51.740262876042806,76.75088709884413
272,59.61297839862177,78.01689002265316,76.6598940806626,53.66406761496232,59.591687623098274,47.48760759677934,50.542600254107526,53.69191883464438,51.740262876042806,76.75088709884413
273,59.61297839862177,78.01689002265316,76.6598940806626,53.66406761496232,59.591687623098274,47.48760759677934,50.542600254107526,53.69191883464438,51.740262876042806,76.75088709884413
274,59.61297839862177,78.01689002265316,76.6598940806626,53.66406761496232,59.591687623098274,47.48760759677934,50.542600254107526,53.69191883464438,51.740262876042806,76.75088709884413
275,59.61297839862177,78.01689002265316,76.6598940806626,53.66406761496232,59.591687623098274,47.48760759677934,50.542600254107526,53.69191883464438,51.740262876042806,76.75088709884413
276,59.61297839862177,78.01689002265316,76.6598940806626,53.66406761496232,59.591687623098274,29.808576719927192,50.542600254107526,53.69191883464438,51.740262876042806,76.75088709884413
277,59.61297839862177,78.01689002265316,76.6598940806626,53.66406761496232,59.591687623098274,29.808576719927192,50.542600254107526,53.69191883464438,51.740262876042806,76.75088709884413
278,59.61297839862177,78.01689002265316,76.6598940806626,24.763174552666285,59.591687623098274,29.808576719927192,50.542600254107526,53.69191883464438,51.740262876042806,76.75088709884413
279,59.61297839862177,78.01689002265316,76.6598940806626,24.763174552666285,59.591687623098274,29.808576719927192,50.542600254107526,53.69191883464438,51.740262876042806,76.75088709884413
280,59.61297839862177,78.01689002265316,76.6598940806626,24.763174552666285,59.591687623098274,29.808576719927192,50.542600254107526,53.69191883464438,51.740262876042806,76.75088709884413
281,59.61297839862177,78.01689002265316,76.6598940806626,24.763174552666285,59.591687623098274,29.808576719927192,50.542600254107526,53.69191883464438,51.740262876042806,76.75088709884413
282,59.61297839862177,78.01689002265316,76.6598940806626,24.763174552666285,59.591687623098274,29.808576719927192,26.060383038402275,53.69191883464438,51.740262876042806,76.75088709884413
283,59.61297839862177,78.01689002265316,76.6598940806626,24.763174552666285,59.591687623098274,29.808576719927192,26.060383038402275,53.69191883464438,51.740262876042806,76.75088709884413
284,59.61297839862177,78.01689002265316,76.6598940806626,24.763174552666285,59.591687623098274,29.808576719927192,26.060383038402275,53.69191883464438,51.740262876042806,76.75088709884413
285,59.61297839862177,78.01689002265316,76.6598940806626,24.763174552666285,59.591687623098274,29.808576719927192,26.060383038402275,53.69191883464438,51.740262876042806,45.43951361183167
286,59.61297839862177,78.01689002265316,76.6598940806626,24.763174552666285,59.591687623098274,29.808576719927192,26.060383038402275,53.69191883464438,51.740262876042806,45.43951361183167
287,59.61297839862177,78.01689002265316,45.416575788498406,24.763174552666285,59.591687623098274,29.808576719927192,26.060383038402275,53.69191883464438,51.740262876042806,45.43951361183167
288,59.61297839862177,78.01689002265316,45.416575788498406,24.763174552666285,59.591687623098274,29.808576719927192,26.060383038402275,53.69191883464438,51.740262876042806,45.43951361183167
289,59.61297839862177,78.01689002265316,45.416575788498406,24.763174552666285,59.591687623098274,29.808576719927192,26.060383038402275,53.69191883464438,51.740262876042806,45.43951361183167
290,59.61297839862177,46.77357173048896,45.416575788498406,24.763174552666285,59.591687623098274,29.808576719927192,26.060383038402275,24.803021293062976,24.820234757817627,45.43951361183167
291,59.61297839862177,46.77357173048896,45.416575788498406,24.763174552666285,59.591687623098274,29.808576719927192,26.060383038402275,24.803021293062976,24.820234757817627,45.43951361183167
292,59.61297839862177,46.77357173048896,45.416575788498406,24.763174552666285,59.591687623098274,29.808576719927192,9.0864124807606,24.803021293062976,24.820234757817627,45.43951361183167
293,59.61297839862177,46.77357173048896,45.416575788498406,24.763174552666285,59.591687623098274,29.808576719927192,9.0864124807606,24.803021293062976,24.820234757817627,45.43951361183167
294,29.824335974217,29.80701451989783,45.416575788498406,24.763174552666285,59.591687623098274,29.808576719927192,0.0,24.803021293062976,24.820234757817627,45.43951361183167
295,29.824335974217,29.80701451989783,45.416575788498406,24.763174552666285,29.81800215927632,29.808576719927192,0.0,24.803021293062976,24.820234757817627,29.82274872929172
296,29.824335974217,29.80701451989783,29.80701451989783,24.763174552666285,29.81800215927632,29.808576719927192,0.0,24.803021293062976,9.203469875277685,29.82274872929172
297,29.824335974217,29.80701451989783,29.80701451989783,24.763174552666285,29.81800215927632,29.808576719927192,0.0,24.803021293062976,9.203469875277685,29.82274872929172
298,29.824335974217,29.80701451989783,29.80701451989783,24.763174552666285,29.81800215927632,29.808576719927192,0.0,0.0,9.203469875277685,29.82274872929172
299,29.824335974217,29.80701451989783,29.80701451989783,24.763174552666285,29.81800215927632,29.808576719927192,0.0,0.0,9.203469875277685,29.82274872929172
300,29.824335974217,29.80701451989783,29.80701451989783,9.153613284065715,29.81800215927632,29.808576719927192,0.0,0.0,9.203469875277685,29.82274872929172
301,29.824335974217,29.80701451989783,29.80701451989783,9.153613284065715,29.81800215927632,29.808576719927192,0.0,0.0,9.203469875277685,29.82274872929172
302,29.824335974217,29.80701451989783,29.80701451989783,0.0,29.81800215927632,29.808576719927192,0.0,0.0,9.203469875277685,29.82274872929172
303,29.824335974217,29.80701451989783,29.80701451989783,0.0,29.81800215927632,29.808576719927192,0.0,0.0,9.203469875277685,29.82274872929172
304,29.824335974217,29.80701451989783,29.80701451989783,0.0,29.81800215927632,29.808576719927192,0.0,0.0,0.0,29.82274872929172
305,29.824335974217,29.80701451989783,29.80701451989783,0.0,29.81800215927632,29.808576719927192,0.0,0.0,0.0,29.82274872929172
306,29.824335974217,29.80701451989783,29.80701451989783,0.0,29.81800215927632,29.808576719927192,0.0,0.0,0.0,29.82274872929172
307,29.824335974217,29.80701451989783,29.80701451989783,0.0,29.81800215927632,29.808576719927192,0.0,0.0,0.0,29.82274872929172
308,29.824335974217,29.80701451989783,29.80701451989783,0.0,29.81800215927632,29.808576719927192,0.0,0.0,0.0,29.82274872929172
309,29.824335974217,29.80701451989783,29.80701451989783,0.0,29.81800215927632,29.808576719927192,0.0,0.0,0.0,29.82274872929172
310,29.824335974217,29.80701451989783,29.80701451989783,0.0,29.81800215927632,29.808576719927192,0.0,0.0,0.0,29.82274872929172
311,29.824335974217,29.80701451989783,29.80701451989783,0.0,29.81800215927632,29.808576719927192,0.0,0.0,0.0,29.82274872929172
312,29.824335974217,29.80701451989783,29.80701451989783,0.0,29.81800215927632,29.808576719927192,0.0,0.0,0.0,29.82274872929172
313,29.824335974217,29.80701451989783,29.80701451989783,0.0,29.81800215927632,29.808576719927192,0.0,0.0,0.0,29.82274872929172
314,29.824335974217,29.80701451989783,29.80701451989783,0.0,29.81800215927632,29.808576719927192,0.0,0.0,0.0,29.82274872929172
315,29.824335974217,29.80701451989783,29.80701451989783,0.0,29.81800215927632,29.808576719927192,0.0,0.0,0.0,29.82274872929172
316,29.824335974217,29.80701451989783,29.80701451989783,0.0,29.81800215927632,29.808576719927192,0.0,0.0,0.0,29.82274872929172
317,29.824335974217,29.80701451989783,29.80701451989783,0.0,29.81800215927632,29.808576719927192,0.0,0.0,0.0,29.82274872929172
318,29.824335974217,29.80701451989783,29.80701451989783,0.0,29.81800215927632,29.808576719927192,0.0,0.0,0.0,29.82274872929172
319,29.824335974217,29.80701451989783,29.80701451989783,0.0,0.0,29.808576719927192,0.0,0.0,0.0,29.82274872929172
320,29.824335974217,29.80701451989783,0.0,0.0,0.0,29.808576719927192,0.0,0.0,0.0,29.82274872929172
321,0.0,29.80701451989783,0.0,0.0,0.0,0.0,0.0,0.0,0.0,29.82274872929172
322,0.0,0.0,0.0,0.0,0.0,0.0,0.0,0.0,0.0,29.82274872929172
323,0.0,0.0,0.0,0.0,0.0,0.0,0.0,0.0,0.0,29.82274872929172
324,0.0,0.0,0.0,0.0,0.0,0.0,0.0,0.0,0.0,0.0
325,0.0,0.0,0.0,0.0,0.0,0.0,0.0,0.0,0.0,0.0
326,0.0,0.0,0.0,0.0,0.0,0.0,0.0,0.0,0.0,0.0
327,0.0,0.0,0.0,0.0,0.0,0.0,0.0,0.0,0.0,0.0
328,0.0,0.0,0.0,0.0,0.0,0.0,0.0,0.0,0.0,0.0
329,0.0,0.0,0.0,0.0,0.0,0.0,0.0,0.0,0.0,0.0
330,0.0,0.0,0.0,0.0,0.0,0.0,0.0,0.0,0.0,0.0
331,0.0,0.0,0.0,0.0,0.0,0.0,0.0,0.0,0.0,0.0
332,0.0,0.0,0.0,0.0,0.0,0.0,0.0,0.0,0.0,0.0
333,0.0,0.0,0.0,0.0,0.0,0.0,0.0,0.0,0.0,0.0
334,0.0,0.0,0.0,0.0,0.0,0.0,0.0,0.0,0.0,0.0
335,0.0,0.0,0.0,0.0,0.0,0.0,0.0,0.0,0.0,0.0
336,0.0,0.0,0.0,0.0,0.0,0.0,0.0,0.0,0.0,0.0
337,0.0,0.0,0.0,0.0,0.0,0.0,0.0,0.0,0.0,0.0
338,0.0,0.0,0.0,0.0,0.0,0.0,0.0,0.0,0.0,0.0
339,0.0,0.0,0.0,0.0,0.0,0.0,0.0,0.0,0.0,0.0
340,0.0,0.0,0.0,0.0,0.0,0.0,0.0,0.0,0.0,0.0
341,0.0,0.0,0.0,0.0,0.0,0.0,0.0,0.0,0.0,0.0
342,0.0,0.0,0.0,0.0,0.0,0.0,0.0,0.0,0.0,0.0
343,0.0,0.0,0.0,0.0,0.0,0.0,0.0,0.0,0.0,0.0
344,0.0,0.0,0.0,0.0,0.0,0.0,0.0,0.0,0.0,0.0
345,0.0,0.0,0.0,0.0,0.0,0.0,0.0,0.0,0.0,0.0
346,0.0,0.0,0.0,0.0,0.0,0.0,0.0,0.0,0.0,0.0
347,0.0,0.0,0.0,0.0,0.0,0.0,0.0,0.0,0.0,0.0
348,0.0,0.0,0.0,0.0,0.0,0.0,0.0,0.0,0.0,0.0
349,0.0,0.0,0.0,0.0,0.0,0.0,0.0,0.0,0.0,0.0
350,0.0,0.0,0.0,0.0,0.0,0.0,0.0,0.0,0.0,0.0
351,0.0,0.0,0.0,0.0,0.0,0.0,0.0,0.0,0.0,0.0
352,0.0,0.0,0.0,0.0,0.0,0.0,0.0,0.0,0.0,0.0
353,0.0,0.0,0.0,0.0,0.0,0.0,0.0,0.0,0.0,0.0
354,0.0,0.0,0.0,0.0,0.0,0.0,0.0,0.0,0.0,0.0
355,0.0,0.0,0.0,0.0,0.0,0.0,0.0,0.0,0.0,0.0
356,0.0,0.0,0.0,0.0,0.0,0.0,0.0,0.0,0.0,0.0
357,0.0,0.0,0.0,0.0,0.0,0.0,0.0,0.0,0.0,0.0
358,0.0,0.0,0.0,0.0,0.0,0.0,0.0,0.0,0.0,0.0
359,0.0,0.0,0.0,0.0,0.0,0.0,0.0,0.0,0.0,0.0
360,0.0,0.0,0.0,0.0,0.0,0.0,0.0,0.0,0.0,0.0
361,0.0,0.0,0.0,0.0,0.0,0.0,0.0,0.0,0.0,0.0
362,0.0,0.0,0.0,0.0,0.0,0.0,0.0,0.0,0.0,0.0
363,0.0,0.0,0.0,0.0,0.0,0.0,0.0,0.0,0.0,0.0
364,0.0,0.0,0.0,0.0,0.0,0.0,0.0,0.0,0.0,0.0
365,0.0,0.0,0.0,0.0,0.0,0.0,0.0,0.0,0.0,0.0
366,0.0,0.0,0.0,0.0,0.0,0.0,0.0,0.0,0.0,0.0
367,0.0,0.0,0.0,0.0,0.0,0.0,0.0,0.0,0.0,0.0
368,0.0,0.0,0.0,0.0,0.0,0.0,0.0,0.0,0.0,
369,0.0,0.0,0.0,0.0,0.0,0.0,0.0,0.0,0.0,
370,0.0,0.0,0.0,0.0,0.0,0.0,0.0,0.0,0.0,
371,0.0,0.0,,0.0,,0.0,0.0,,,
372,,0.0,,0.0,,,,,,
